species,island,bill_length_mm,bill_depth_mm,flipper_length_mm,body_mass_g,sex,year,swim_1,swim_2,swim_3,swim_4,island_1,island_2,island_3,island_4,climate_1,climate_2,climate_3,climate_4,conflict_1,conflict_2,conflict_3,conflict_4,social_1,social_2,social_3,social_4
Adelie,Torgersen,39.1,18.7,181,3750,male,2007,Agree,Neither agree nor disagree,Neither agree nor disagree,Disagree,Neither agree nor disagree,Disagree,Strongly disagree,Agree,Disagree,Disagree,Neither agree nor disagree,Neither agree nor disagree,Often,Often,Sometimes,Never,Always,Always,Often,Never
Adelie,Torgersen,39.5,17.4,186,3800,female,2007,Strongly disagree,Disagree,Disagree,Strongly agree,Neither agree nor disagree,Neither agree nor disagree,Neither agree nor disagree,Neither agree nor disagree,Agree,Agree,Strongly agree,Disagree,Sometimes,Rarely,Rarely,Sometimes,Sometimes,Rarely,Never,Sometimes
Adelie,Torgersen,40.3,18,195,3250,female,2007,Neither agree nor disagree,Neither agree nor disagree,Disagree,Neither agree nor disagree,Agree,Agree,Neither agree nor disagree,Agree,Strongly agree,Strongly agree,Agree,Strongly disagree,Often,Often,Sometimes,Never,Often,Often,Often,Never
Adelie,Torgersen,NA,NA,NA,NA,NA,2007,Neither agree nor disagree,Neither agree nor disagree,Disagree,Disagree,Agree,Neither agree nor disagree,Strongly agree,Neither agree nor disagree,Agree,Agree,Neither agree nor disagree,Neither agree nor disagree,Sometimes,Sometimes,Sometimes,Often,Rarely,Often,Often,Sometimes
Adelie,Torgersen,36.7,19.3,193,3450,female,2007,Neither agree nor disagree,Disagree,Disagree,Neither agree nor disagree,Neither agree nor disagree,Neither agree nor disagree,Disagree,Agree,Disagree,Neither agree nor disagree,Agree,Neither agree nor disagree,Sometimes,Rarely,Sometimes,Sometimes,Often,Often,Sometimes,Rarely
Adelie,Torgersen,39.3,20.6,190,3650,male,2007,Strongly disagree,Disagree,Strongly disagree,Strongly agree,Neither agree nor disagree,Neither agree nor disagree,Neither agree nor disagree,Neither agree nor disagree,Disagree,Disagree,Neither agree nor disagree,Strongly agree,Always,Often,Often,Rarely,Often,Rarely,Often,Sometimes
Adelie,Torgersen,38.9,17.8,181,3625,female,2007,Neither agree nor disagree,Disagree,Disagree,Agree,Neither agree nor disagree,Agree,Neither agree nor disagree,Neither agree nor disagree,Agree,Agree,Agree,Disagree,Sometimes,Often,Often,Rarely,Sometimes,Always,Always,Rarely
Adelie,Torgersen,39.2,19.6,195,4675,male,2007,Disagree,Neither agree nor disagree,Disagree,Agree,Disagree,Agree,Disagree,Agree,Strongly agree,Neither agree nor disagree,Agree,Neither agree nor disagree,Often,Often,Sometimes,Sometimes,Sometimes,Sometimes,Rarely,Sometimes
Adelie,Torgersen,34.1,18.1,193,3475,NA,2007,Agree,Neither agree nor disagree,Strongly disagree,Neither agree nor disagree,Agree,Agree,Agree,Disagree,Strongly agree,Agree,Agree,Disagree,Rarely,Never,Rarely,Always,Always,Sometimes,Sometimes,Sometimes
Adelie,Torgersen,42,20.2,190,4250,NA,2007,Disagree,Neither agree nor disagree,Neither agree nor disagree,Neither agree nor disagree,Strongly disagree,Disagree,Neither agree nor disagree,Agree,Strongly agree,Strongly agree,Strongly agree,Strongly disagree,Sometimes,Sometimes,Sometimes,Always,Often,Often,Often,Often
Adelie,Torgersen,37.8,17.1,186,3300,NA,2007,Agree,Disagree,Disagree,Agree,Disagree,Strongly disagree,Disagree,Strongly agree,Strongly agree,Agree,Strongly agree,Strongly disagree,Sometimes,Rarely,Sometimes,Rarely,Always,Sometimes,Often,Rarely
Adelie,Torgersen,37.8,17.3,180,3700,NA,2007,Disagree,Disagree,Disagree,Agree,Disagree,Disagree,Disagree,Agree,Neither agree nor disagree,Neither agree nor disagree,Neither agree nor disagree,Neither agree nor disagree,Rarely,Never,Never,Rarely,Rarely,Sometimes,Sometimes,Sometimes
Adelie,Torgersen,41.1,17.6,182,3200,female,2007,Neither agree nor disagree,Neither agree nor disagree,Disagree,Neither agree nor disagree,Neither agree nor disagree,Agree,Disagree,Neither agree nor disagree,Strongly agree,Strongly agree,Strongly agree,Neither agree nor disagree,Sometimes,Rarely,Often,Often,Always,Always,Always,Never
Adelie,Torgersen,38.6,21.2,191,3800,male,2007,Neither agree nor disagree,Disagree,Disagree,Neither agree nor disagree,Neither agree nor disagree,Strongly disagree,Strongly disagree,Agree,Neither agree nor disagree,Neither agree nor disagree,Agree,Disagree,Often,Sometimes,Rarely,Sometimes,Sometimes,Often,Rarely,Always
Adelie,Torgersen,34.6,21.1,198,4400,male,2007,Strongly disagree,Strongly disagree,Strongly disagree,Strongly agree,Strongly disagree,Neither agree nor disagree,Disagree,Strongly agree,Strongly agree,Agree,Agree,Disagree,Often,Rarely,Rarely,Rarely,Sometimes,Often,Sometimes,Sometimes
Adelie,Torgersen,36.6,17.8,185,3700,F,2007,Agree,Agree,Agree,Disagree,Strongly disagree,Neither agree nor disagree,Disagree,Strongly agree,Agree,Agree,Agree,Disagree,Rarely,Rarely,Sometimes,Rarely,Often,Often,Often,Never
Adelie,Torgersen,38.7,19,195,3450,female,2007,Agree,Neither agree nor disagree,Neither agree nor disagree,Disagree,Neither agree nor disagree,Neither agree nor disagree,Neither agree nor disagree,Neither agree nor disagree,Neither agree nor disagree,Strongly agree,Agree,Strongly disagree,Sometimes,Often,Often,Sometimes,Sometimes,Always,Sometimes,Sometimes
Adelie,Torgersen,42.5,20.7,197,4500,male,2007,Agree,Disagree,Neither agree nor disagree,Agree,Strongly disagree,Strongly disagree,Strongly disagree,Strongly agree,Strongly agree,Agree,Agree,Disagree,Sometimes,Sometimes,Sometimes,Sometimes,Always,Always,Always,Rarely
Adelie,Torgersen,34.4,18.4,184,3325,female,2007,Disagree,Disagree,Disagree,Agree,Strongly disagree,Neither agree nor disagree,Strongly disagree,Agree,Agree,Neither agree nor disagree,Agree,Disagree,Often,Always,Often,Sometimes,Always,Often,Often,Sometimes
Adelie,Torgorsen,46,21.5,194,4200,male,2007,Agree,Agree,Agree,Neither agree nor disagree,Disagree,Disagree,Neither agree nor disagree,Strongly agree,Strongly agree,Agree,Strongly agree,Disagree,Sometimes,Sometimes,Sometimes,Rarely,Always,Often,Often,Sometimes
Adelie,Biscoe,37.8,18.3,174,3400,female,2007,Agree,Disagree,Disagree,Agree,Strongly agree,Strongly agree,Neither agree nor disagree,Strongly disagree,Disagree,Disagree,Neither agree nor disagree,Strongly agree,Always,Often,Sometimes,Always,Always,Often,Often,Rarely
Adelie,Biscoe,37.7,18.7,180,3600,male,2007,Agree,Neither agree nor disagree,Neither agree nor disagree,Agree,Strongly agree,Neither agree nor disagree,Agree,Strongly disagree,Strongly agree,Agree,Agree,Neither agree nor disagree,Sometimes,Sometimes,Often,Sometimes,Rarely,Rarely,Rarely,Sometimes
Adelie,Biscoe,35.9,19.2,189,3800,female,2007,Disagree,Disagree,Disagree,Strongly agree,Neither agree nor disagree,Neither agree nor disagree,Neither agree nor disagree,Disagree,Strongly agree,Neither agree nor disagree,Agree,Disagree,Sometimes,Sometimes,Often,Rarely,Sometimes,Often,Rarely,Sometimes
Adelie,Biscoe,38.2,18.1,185,3950,male,2007,Agree,Strongly agree,Agree,Strongly disagree,Agree,Agree,Agree,Disagree,Strongly agree,Agree,Neither agree nor disagree,Neither agree nor disagree,Rarely,Rarely,Rarely,Sometimes,Often,Always,Often,Never
Adelie,Biscoe,38.8,17.2,180,3800,male,2007,Agree,Neither agree nor disagree,Disagree,Disagree,Agree,Strongly agree,Strongly agree,Neither agree nor disagree,Strongly agree,Strongly agree,Strongly agree,Disagree,Sometimes,Often,Sometimes,Sometimes,Often,Often,Often,Sometimes
Adelie,Biscoe,35.3,18.9,187,3800,female,2007,Strongly agree,Agree,Strongly agree,Strongly disagree,Neither agree nor disagree,Agree,Agree,Neither agree nor disagree,Strongly agree,Strongly agree,Strongly agree,Strongly disagree,Always,Rarely,Often,Often,Sometimes,Sometimes,Never,Sometimes
Adelie,Biscoe,40.6,18.6,183,3550,MALE,2007,Agree,Strongly agree,Agree,Disagree,Neither agree nor disagree,Strongly agree,Agree,Strongly disagree,Disagree,Agree,Neither agree nor disagree,Strongly disagree,Sometimes,Never,Sometimes,Rarely,Often,Never,Sometimes,Sometimes
Adelie,Biscoe,40.5,17.9,187,3200,female,2007,Agree,Disagree,Strongly disagree,Neither agree nor disagree,Neither agree nor disagree,Neither agree nor disagree,Agree,Neither agree nor disagree,Agree,Neither agree nor disagree,Agree,Disagree,Sometimes,Never,Never,Often,Often,Often,Often,Never
Adelie,Biscoe,37.9,18.6,172,3150,female,2007,Disagree,Disagree,Neither agree nor disagree,Neither agree nor disagree,Agree,Agree,Neither agree nor disagree,Disagree,Neither agree nor disagree,Agree,Neither agree nor disagree,Neither agree nor disagree,Always,Often,Often,Rarely,Always,Often,Often,Sometimes
Adelie,Biscoe,40.5,18.9,180,3950,male,2007,Strongly agree,Agree,Agree,Strongly disagree,Disagree,Neither agree nor disagree,Strongly disagree,Agree,Strongly agree,Strongly agree,Strongly agree,Strongly disagree,Often,Often,Sometimes,Rarely,Sometimes,Often,Sometimes,Sometimes
Adelie,Dream,39.5,16.7,178,3250,female,2007,Neither agree nor disagree,Disagree,Disagree,Neither agree nor disagree,Strongly agree,Strongly agree,Agree,Strongly disagree,Neither agree nor disagree,Neither agree nor disagree,Agree,Disagree,Rarely,Sometimes,Rarely,Sometimes,Sometimes,Rarely,Often,Often
Adelie,Dream,37.2,18.1,178,3900,male,2007,Agree,Disagree,Neither agree nor disagree,Disagree,Neither agree nor disagree,Neither agree nor disagree,Agree,Neither agree nor disagree,Strongly agree,Strongly agree,Agree,Disagree,Sometimes,Sometimes,Often,Rarely,Rarely,Sometimes,Sometimes,Sometimes
Adelie,Dream,39.5,17.8,188,3300,female,2007,Neither agree nor disagree,Agree,Neither agree nor disagree,Agree,Neither agree nor disagree,Neither agree nor disagree,Neither agree nor disagree,Strongly disagree,Strongly agree,Strongly agree,Agree,Strongly disagree,Rarely,Sometimes,Often,Sometimes,Often,Always,Often,Never
Adelie,Dream,40.9,18.9,184,3900,male,2007,Neither agree nor disagree,Agree,Neither agree nor disagree,Agree,Strongly disagree,Disagree,Disagree,Agree,Strongly agree,Disagree,Disagree,Neither agree nor disagree,Often,Rarely,Sometimes,Rarely,Rarely,Rarely,Rarely,Always
Adelie,Dream,36.4,17,195,3325,female,2007,Neither agree nor disagree,Agree,Disagree,Disagree,Neither agree nor disagree,Agree,Neither agree nor disagree,Disagree,Strongly agree,Strongly agree,Strongly agree,Strongly disagree,Always,Often,Often,Rarely,Sometimes,Often,Often,Rarely
Adelie,Dream,39.2,21.1,196,4150,male,2007,Neither agree nor disagree,Strongly agree,Disagree,Disagree,Strongly agree,Agree,Agree,Disagree,Strongly agree,Neither agree nor disagree,Strongly agree,Strongly disagree,Sometimes,Sometimes,Sometimes,Often,Sometimes,Often,Often,Often
Adelie,Dream,38.8,20,190,3950,male,2007,Neither agree nor disagree,Neither agree nor disagree,Neither agree nor disagree,Agree,Neither agree nor disagree,Strongly agree,Neither agree nor disagree,Neither agree nor disagree,Strongly agree,Strongly agree,Strongly agree,Disagree,Always,Often,Sometimes,Sometimes,Often,Often,Sometimes,Rarely
Adelie,Dream,42.2,18.5,180,3550,female,2007,Neither agree nor disagree,Disagree,Disagree,Neither agree nor disagree,Agree,Strongly agree,Neither agree nor disagree,Neither agree nor disagree,Neither agree nor disagree,Agree,Neither agree nor disagree,Neither agree nor disagree,Always,Rarely,Often,Rarely,Sometimes,Often,Sometimes,Rarely
Adelie,Dream,37.6,19.3,181,3300,female,2007,Neither agree nor disagree,Agree,Neither agree nor disagree,Disagree,Disagree,Disagree,Neither agree nor disagree,Agree,Agree,Strongly agree,Agree,Neither agree nor disagree,Always,Sometimes,Always,Rarely,Always,Always,Always,Rarely
Adelie,Dream,39.8,19.1,184,4650,male,2007,Neither agree nor disagree,Disagree,Neither agree nor disagree,Neither agree nor disagree,Agree,Neither agree nor disagree,Agree,Neither agree nor disagree,Disagree,Neither agree nor disagree,Agree,Neither agree nor disagree,Rarely,Rarely,Rarely,Often,Sometimes,Never,Rarely,Sometimes
Adelie,Dream,36.5,18,182,3150,female,2007,Neither agree nor disagree,Disagree,Strongly disagree,Neither agree nor disagree,Agree,Neither agree nor disagree,Neither agree nor disagree,Neither agree nor disagree,Strongly agree,Agree,Neither agree nor disagree,Neither agree nor disagree,Sometimes,Often,Often,Never,Often,Always,Always,Rarely
Adelie,Dream,40.8,18.4,195,3900,male,2007,Agree,Neither agree nor disagree,Disagree,Disagree,Disagree,Disagree,Disagree,Neither agree nor disagree,Agree,Neither agree nor disagree,Neither agree nor disagree,Strongly disagree,Always,Always,Always,Never,Often,Often,Rarely,Rarely
Adelie,Dream,36,18.5,186,3100,female,2007,Disagree,Strongly disagree,Disagree,Strongly agree,Strongly agree,Neither agree nor disagree,Strongly agree,Strongly disagree,Strongly agree,Agree,Agree,Agree,Sometimes,Sometimes,Sometimes,Sometimes,Often,Often,Often,Rarely
Adelie,Dream,44.1,19.7,196,4400,male,2007,Agree,Agree,Neither agree nor disagree,Neither agree nor disagree,Strongly agree,Neither agree nor disagree,Neither agree nor disagree,Neither agree nor disagree,Strongly agree,Strongly agree,Strongly agree,Disagree,Never,Rarely,Rarely,Often,Sometimes,Often,Rarely,Rarely
Adelie,Dream,37,16.9,185,3000,female,2007,Neither agree nor disagree,Neither agree nor disagree,Disagree,Neither agree nor disagree,Agree,Neither agree nor disagree,Neither agree nor disagree,Neither agree nor disagree,Strongly agree,Agree,Strongly agree,Strongly disagree,Always,Sometimes,Sometimes,Sometimes,Sometimes,Sometimes,Sometimes,Rarely
Adelie,Dream,39.6,18.8,190,4600,male,2007,Strongly agree,Agree,Agree,Disagree,Neither agree nor disagree,Neither agree nor disagree,Agree,Disagree,Strongly agree,Agree,Strongly agree,Strongly disagree,Sometimes,Rarely,Sometimes,Always,Rarely,Often,Often,Sometimes
Adelie,Dream,41.1,19,182,3425,male,2007,Agree,Agree,Neither agree nor disagree,Strongly disagree,Disagree,Disagree,Strongly disagree,Agree,Strongly agree,Strongly agree,Neither agree nor disagree,Disagree,Sometimes,Sometimes,Always,Sometimes,Always,Always,Always,Never
Adelie,Dream,37.5,18.9,179,2975,NA,2007,Agree,Neither agree nor disagree,Agree,Neither agree nor disagree,Strongly agree,Strongly agree,Agree,Strongly disagree,Neither agree nor disagree,Neither agree nor disagree,Disagree,Neither agree nor disagree,Often,Often,Often,Never,Always,Always,Often,Never
Adelie,Dream,36,17.9,190,3450,female,2007,Agree,Neither agree nor disagree,Neither agree nor disagree,Neither agree nor disagree,Strongly disagree,Disagree,Disagree,Strongly agree,Neither agree nor disagree,Neither agree nor disagree,Neither agree nor disagree,Disagree,Sometimes,Rarely,Sometimes,Sometimes,Sometimes,Sometimes,Sometimes,Sometimes
Adelie,Dream,42.3,21.2,191,4150,male,2007,Agree,Agree,Neither agree nor disagree,Neither agree nor disagree,Agree,Agree,Neither agree nor disagree,Disagree,Strongly agree,Agree,Strongly agree,Strongly disagree,Sometimes,Rarely,Rarely,Sometimes,Often,Sometimes,Sometimes,Sometimes
Adelie,Biscoe,39.6,17.7,186,3500,female,2008,Disagree,Disagree,Strongly disagree,Disagree,Agree,Agree,Disagree,Neither agree nor disagree,Agree,Agree,Agree,Disagree,Rarely,Sometimes,Sometimes,Often,Rarely,Sometimes,Sometimes,Often
Adelie,Biscoe,40.1,18.9,188,4300,male,2008,Disagree,Agree,Strongly disagree,Agree,Neither agree nor disagree,Disagree,Disagree,Neither agree nor disagree,Agree,Strongly agree,Agree,Strongly disagree,Sometimes,Always,Sometimes,Sometimes,Rarely,Sometimes,Rarely,Rarely
Adelie,Biscoe,35,17.9,190,3450,female,2008,Strongly disagree,Strongly disagree,Disagree,Neither agree nor disagree,Agree,Strongly agree,Agree,Neither agree nor disagree,Strongly agree,Agree,Agree,Disagree,Often,Rarely,Rarely,Always,Rarely,Sometimes,Rarely,Always
Adelie,Biscoe,42,19.5,200,4050,male,2008,Neither agree nor disagree,Neither agree nor disagree,Agree,Neither agree nor disagree,Neither agree nor disagree,Disagree,Disagree,Neither agree nor disagree,Strongly agree,Agree,Agree,Strongly disagree,Always,Rarely,Sometimes,Sometimes,Always,Always,Often,Rarely
Adelie,Biscoe,34.5,18.1,187,2900,female,2008,Neither agree nor disagree,Disagree,Disagree,Agree,Agree,Strongly agree,Strongly agree,Disagree,Agree,Agree,Agree,Agree,Sometimes,Sometimes,Sometimes,Often,Sometimes,Often,Rarely,Sometimes
Adelie,Biscoe,41.4,18.6,230,3700,male,2008,Disagree,Disagree,Strongly disagree,Disagree,Neither agree nor disagree,Disagree,Agree,Agree,Agree,Neither agree nor disagree,Agree,Strongly disagree,Always,Often,Sometimes,Sometimes,Sometimes,Often,Often,Never
Adelie,Biscoe,39,17.5,186,3550,female,2008,Disagree,Disagree,Disagree,Agree,Strongly agree,Agree,Strongly agree,Disagree,Strongly agree,Neither agree nor disagree,Agree,Strongly disagree,Often,Never,Always,Sometimes,Always,Always,Often,Never
Adelie,Biscoe,40.6,18.8,193,3800,male,2008,Disagree,Strongly disagree,Strongly disagree,Agree,Agree,Agree,Strongly agree,Disagree,Agree,Agree,Neither agree nor disagree,Disagree,Sometimes,Sometimes,Rarely,Sometimes,Often,Often,Sometimes,Sometimes
Adelie,Biscoe,36.5,16.6,181,2850,female,2008,Agree,Neither agree nor disagree,Neither agree nor disagree,Neither agree nor disagree,Agree,Agree,Disagree,Neither agree nor disagree,Neither agree nor disagree,Disagree,Neither agree nor disagree,Disagree,Sometimes,Rarely,Rarely,Sometimes,Sometimes,Sometimes,Rarely,Sometimes
Adelie,Biscoe,37.6,19.1,194,3750,male,2008,Strongly disagree,Strongly disagree,Strongly disagree,Agree,Neither agree nor disagree,Neither agree nor disagree,Neither agree nor disagree,Disagree,Agree,Agree,Agree,Neither agree nor disagree,Often,Often,Often,Often,Sometimes,Sometimes,Sometimes,Sometimes
Adelie,Biscoe,35.7,16.9,185,3150,female,2008,Strongly agree,Neither agree nor disagree,Neither agree nor disagree,Neither agree nor disagree,Disagree,Neither agree nor disagree,Agree,Neither agree nor disagree,Neither agree nor disagree,Neither agree nor disagree,Neither agree nor disagree,Neither agree nor disagree,Often,Rarely,Never,Sometimes,Sometimes,Never,Rarely,Often
Adelie,Biscoe,41.3,21.1,195,4400,male,2008,Neither agree nor disagree,Neither agree nor disagree,Agree,Disagree,Disagree,Disagree,Strongly disagree,Agree,Neither agree nor disagree,Neither agree nor disagree,Neither agree nor disagree,Strongly disagree,Sometimes,Sometimes,Rarely,Sometimes,Rarely,Sometimes,Rarely,Often
Adelie,Biscoe,37.6,17,185,3600,female,2008,Agree,Neither agree nor disagree,Disagree,Disagree,Strongly agree,Strongly agree,Strongly agree,Strongly disagree,Neither agree nor disagree,Agree,Strongly agree,Disagree,Often,Always,Always,Never,Always,Often,Always,Never
Adelie,Biscoe,41.1,18.2,192,4050,male,2008,Disagree,Neither agree nor disagree,Neither agree nor disagree,Neither agree nor disagree,Agree,Strongly agree,Agree,Disagree,Neither agree nor disagree,Agree,Neither agree nor disagree,Disagree,Always,Often,Always,Never,Often,Often,Sometimes,Rarely
Adelie,Biscoe,36.4,17.1,184,2850,female,2008,Neither agree nor disagree,Strongly disagree,Strongly disagree,Strongly agree,Neither agree nor disagree,Disagree,Agree,Neither agree nor disagree,Strongly agree,Strongly agree,Neither agree nor disagree,Disagree,Always,Sometimes,Often,Rarely,Sometimes,Sometimes,Rarely,Often
Adelie,Biscoe,41.6,18,192,3950,male,2008,Neither agree nor disagree,Disagree,Disagree,Agree,Disagree,Neither agree nor disagree,Neither agree nor disagree,Neither agree nor disagree,Strongly agree,Agree,Disagree,Strongly disagree,Sometimes,Often,Sometimes,Always,Often,Often,Sometimes,Rarely
Adelie,Biscoe,35.5,16.2,195,3350,female,2008,Strongly disagree,Strongly disagree,Disagree,Strongly agree,Strongly agree,Strongly agree,Neither agree nor disagree,Disagree,Agree,Strongly agree,Strongly agree,Neither agree nor disagree,Sometimes,Sometimes,Sometimes,Often,Often,Always,Always,Never
Adelie,Biscoe,41.1,19.1,188,4100,male,2008,Agree,Agree,Neither agree nor disagree,Disagree,Neither agree nor disagree,Disagree,Neither agree nor disagree,Agree,Neither agree nor disagree,Neither agree nor disagree,Disagree,Neither agree nor disagree,Often,Sometimes,Often,Rarely,Sometimes,Sometimes,Rarely,Often
Adelie,Torgersen,35.9,16.6,190,3050,female,2008,Disagree,Neither agree nor disagree,Strongly disagree,Neither agree nor disagree,Neither agree nor disagree,Agree,Disagree,Neither agree nor disagree,Strongly agree,Agree,Strongly agree,Disagree,Often,Rarely,Often,Sometimes,Sometimes,Sometimes,Sometimes,Often
Adelie,Torgersen,41.8,19.4,198,4450,male,2008,Neither agree nor disagree,Agree,Disagree,Agree,Agree,Disagree,Neither agree nor disagree,Neither agree nor disagree,Agree,Strongly agree,Strongly agree,Strongly disagree,Often,Often,Sometimes,Never,Sometimes,Always,Sometimes,Sometimes
Adelie,Torgersen,33.5,19,190,3600,female,2008,Neither agree nor disagree,Strongly agree,Neither agree nor disagree,Neither agree nor disagree,Disagree,Disagree,Neither agree nor disagree,Neither agree nor disagree,Strongly agree,Strongly agree,Strongly agree,Strongly disagree,Rarely,Sometimes,Never,Often,Often,Often,Often,Rarely
Adelie,Torgersen,39.7,18.4,190,3900,male,2008,Disagree,Neither agree nor disagree,Disagree,Neither agree nor disagree,Disagree,Neither agree nor disagree,Neither agree nor disagree,Agree,Strongly agree,Strongly agree,Strongly agree,Disagree,Rarely,Rarely,Rarely,Often,Sometimes,Often,Often,Rarely
Adelie,Torgersen,39.6,17.2,196,3550,female,2008,Agree,Strongly agree,Agree,Disagree,Agree,Agree,Disagree,Disagree,Strongly agree,Neither agree nor disagree,Neither agree nor disagree,Disagree,Sometimes,Rarely,Sometimes,Sometimes,Sometimes,Always,Often,Sometimes
Adelie,Torgersen,45.8,18.9,197,4150,male,2008,Disagree,Disagree,Neither agree nor disagree,Neither agree nor disagree,Neither agree nor disagree,Agree,Neither agree nor disagree,Disagree,Neither agree nor disagree,Neither agree nor disagree,Disagree,Neither agree nor disagree,Sometimes,Often,Often,Sometimes,Rarely,Often,Sometimes,Rarely
Adelie,Torgersen,35.5,17.5,190,3700,female,2008,Neither agree nor disagree,Disagree,Neither agree nor disagree,Neither agree nor disagree,Disagree,Agree,Disagree,Neither agree nor disagree,Strongly agree,Agree,Strongly agree,Disagree,Rarely,Rarely,Rarely,Sometimes,Always,Always,Always,Never
Adelie,Torgersen,42.8,18.5,195,4250,male,2008,Disagree,Strongly disagree,Disagree,Agree,Disagree,Disagree,Disagree,Neither agree nor disagree,Neither agree nor disagree,Agree,Neither agree nor disagree,Neither agree nor disagree,Rarely,Often,Often,Often,Rarely,Sometimes,Sometimes,Rarely
Adelie,Torgersen,40.9,16.8,191,3700,female,2008,Strongly agree,Agree,Strongly agree,Disagree,Neither agree nor disagree,Disagree,Disagree,Disagree,Agree,Strongly agree,Neither agree nor disagree,Strongly disagree,Sometimes,Rarely,Sometimes,Sometimes,Rarely,Sometimes,Rarely,Sometimes
Adelie,Torgersen,37.2,19.4,184,3900,male,2008,Neither agree nor disagree,Neither agree nor disagree,Neither agree nor disagree,Neither agree nor disagree,Agree,Neither agree nor disagree,Disagree,Neither agree nor disagree,Agree,Agree,Strongly agree,Disagree,Often,Sometimes,Sometimes,Rarely,Sometimes,Sometimes,Often,Sometimes
Adelie,Torgersen,36.2,16.1,187,3550,female,2008,Agree,Neither agree nor disagree,Agree,Agree,Neither agree nor disagree,Agree,Agree,Disagree,Agree,Neither agree nor disagree,Agree,Neither agree nor disagree,Sometimes,Sometimes,Sometimes,Often,Sometimes,Sometimes,Rarely,Sometimes
Adelie,Torgersen,42.1,19.1,195,4000,male,2008,Strongly agree,Strongly agree,Neither agree nor disagree,Disagree,Disagree,Strongly disagree,Strongly disagree,Strongly agree,Neither agree nor disagree,Neither agree nor disagree,Strongly agree,Strongly disagree,Often,Sometimes,Always,Rarely,Often,Often,Always,Sometimes
Adelie,Torgersen,34.6,17.2,189,3200,female,2008,Strongly disagree,Disagree,Disagree,Strongly agree,Disagree,Neither agree nor disagree,Strongly disagree,Agree,Agree,Strongly agree,Strongly agree,Disagree,Always,Always,Often,Never,Sometimes,Never,Never,Often
Adelie,Torgersen,42.9,17.6,196,4700,male,2008,Agree,Agree,Strongly agree,Strongly disagree,Strongly agree,Neither agree nor disagree,Neither agree nor disagree,Neither agree nor disagree,Strongly agree,Strongly agree,Strongly agree,Strongly disagree,Sometimes,Often,Sometimes,Often,Rarely,Often,Rarely,Always
Adelie,Torgersen,36.7,18.8,187,3800,female,2008,Disagree,Strongly disagree,Strongly disagree,Neither agree nor disagree,Strongly disagree,Disagree,Disagree,Agree,Agree,Strongly agree,Strongly agree,Strongly disagree,Often,Often,Sometimes,Often,Sometimes,Sometimes,Sometimes,Sometimes
Adelie,Torgersen,35.1,19.4,193,4200,male,2008,Strongly disagree,Neither agree nor disagree,Disagree,Strongly agree,Strongly disagree,Strongly disagree,Strongly disagree,Agree,Neither agree nor disagree,Neither agree nor disagree,Agree,Neither agree nor disagree,Often,Rarely,Always,Often,Sometimes,Often,Often,Rarely
Adelie,Dream,37.3,17.8,191,3350,female,2008,Agree,Disagree,Disagree,Neither agree nor disagree,Agree,Strongly agree,Agree,Neither agree nor disagree,Agree,Neither agree nor disagree,Agree,Neither agree nor disagree,Sometimes,Sometimes,Often,Never,Always,Often,Often,Rarely
Adelie,Dream,41.3,20.3,194,3550,male,2008,Agree,Agree,Neither agree nor disagree,Disagree,Disagree,Agree,Neither agree nor disagree,Disagree,Strongly agree,Strongly agree,Strongly agree,Strongly disagree,Often,Often,Often,Never,Often,Often,Sometimes,Sometimes
Adelie,Dream,36.3,19.5,190,3800,male,2008,Neither agree nor disagree,Disagree,Disagree,Strongly agree,Neither agree nor disagree,Neither agree nor disagree,Neither agree nor disagree,Agree,Agree,Agree,Strongly agree,Disagree,Sometimes,Sometimes,Never,Sometimes,Sometimes,Sometimes,Sometimes,Often
Adelie,Dream,36.9,18.6,189,3500,female,2008,Disagree,Disagree,Agree,Agree,Neither agree nor disagree,Agree,Strongly agree,Disagree,Strongly agree,Strongly agree,Strongly agree,Strongly disagree,Sometimes,Often,Often,Never,Always,Always,Often,Never
Adelie,Dream,38.3,19.2,189,3950,male,2008,Neither agree nor disagree,Neither agree nor disagree,Agree,Strongly disagree,Strongly agree,Strongly agree,Strongly agree,Disagree,Neither agree nor disagree,Disagree,Neither agree nor disagree,Disagree,Often,Never,Rarely,Often,Always,Often,Often,Rarely
Adelie,Dream,38.9,18.8,190,3600,female,2008,Strongly agree,Agree,Agree,Strongly disagree,Strongly agree,Agree,Neither agree nor disagree,Neither agree nor disagree,Strongly agree,Strongly agree,Agree,Strongly disagree,Sometimes,Always,Often,Rarely,Often,Always,Often,Rarely
Adelie,Dream,35.7,18,202,3550,female,2008,Disagree,Disagree,Strongly disagree,Agree,Agree,Strongly agree,Neither agree nor disagree,Strongly disagree,Agree,Agree,Neither agree nor disagree,Disagree,Sometimes,Rarely,Sometimes,Rarely,Always,Always,Always,Never
Adelie,Dream,41.1,18.1,205,4300,male,2008,Agree,Agree,Strongly agree,Disagree,Neither agree nor disagree,Disagree,Disagree,Agree,Disagree,Agree,Agree,Neither agree nor disagree,Sometimes,Often,Always,Never,Often,Sometimes,Rarely,Rarely
Adelie,Dream,34,17.1,185,3400,female,2008,Neither agree nor disagree,Neither agree nor disagree,Strongly disagree,Neither agree nor disagree,Agree,Agree,Agree,Disagree,Strongly agree,Agree,Strongly agree,Neither agree nor disagree,Always,Often,Sometimes,Sometimes,Sometimes,Often,Sometimes,Sometimes
Adelie,Dream,39.6,18.1,186,4450,male,2008,Agree,Disagree,Agree,Disagree,Disagree,Disagree,Disagree,Disagree,Agree,Agree,Agree,Disagree,Sometimes,Sometimes,Sometimes,Sometimes,Often,Often,Often,Never
Adelie,Dream,36.2,17.3,187,3300,female,2008,Strongly disagree,Strongly disagree,Disagree,Strongly agree,Disagree,Disagree,Disagree,Strongly agree,Agree,Neither agree nor disagree,Neither agree nor disagree,Neither agree nor disagree,Often,Often,Sometimes,Rarely,Sometimes,Sometimes,Rarely,Rarely
Adelie,Dream,40.8,18.9,208,4300,male,2008,Disagree,Neither agree nor disagree,Neither agree nor disagree,Agree,Strongly agree,Agree,Strongly agree,Strongly disagree,Agree,Neither agree nor disagree,Neither agree nor disagree,Agree,Sometimes,Often,Often,Sometimes,Often,Often,Often,Rarely
Adelie,Dream,38.1,18.6,190,3700,female,2008,Strongly disagree,Disagree,Strongly disagree,Agree,Strongly agree,Strongly agree,Strongly agree,Disagree,Strongly agree,Agree,Agree,Disagree,Often,Always,Always,Sometimes,Always,Often,Often,Never
Adelie,Dream,40.3,18.5,196,4350,male,2008,Agree,Neither agree nor disagree,Disagree,Neither agree nor disagree,Neither agree nor disagree,Strongly agree,Neither agree nor disagree,Strongly disagree,Neither agree nor disagree,Neither agree nor disagree,Neither agree nor disagree,Disagree,Often,Sometimes,Often,Never,Never,Sometimes,Never,Often
Adelie,Dream,33.1,16.1,178,2900,female,2008,Disagree,Strongly disagree,Strongly disagree,Agree,Neither agree nor disagree,Agree,Agree,Neither agree nor disagree,Strongly agree,Strongly agree,Strongly agree,Neither agree nor disagree,Sometimes,Rarely,Sometimes,Sometimes,Always,Often,Often,Rarely
Adelie,Dream,43.2,18.5,192,4100,male,2008,Neither agree nor disagree,Neither agree nor disagree,Neither agree nor disagree,Neither agree nor disagree,Disagree,Agree,Neither agree nor disagree,Neither agree nor disagree,Strongly agree,Strongly agree,Agree,Strongly disagree,Rarely,Rarely,Sometimes,Often,Rarely,Often,Sometimes,Sometimes
Adelie,Biscoe,35,17.9,192,3725,female,2009,Agree,Agree,Agree,Strongly disagree,Agree,Strongly agree,Neither agree nor disagree,Disagree,Agree,Neither agree nor disagree,Neither agree nor disagree,Neither agree nor disagree,Sometimes,Often,Sometimes,Often,Often,Rarely,Often,Often
Adelie,Biscoe,41,20,203,4725,male,2009,Neither agree nor disagree,Neither agree nor disagree,Disagree,Disagree,Disagree,Disagree,Disagree,Neither agree nor disagree,Neither agree nor disagree,Disagree,Agree,Strongly agree,Often,Sometimes,Rarely,Often,Rarely,Sometimes,Rarely,Sometimes
Adelie,Biscoe,37.7,16,183,3075,female,2009,Neither agree nor disagree,Neither agree nor disagree,Strongly disagree,Neither agree nor disagree,Strongly agree,Strongly agree,Strongly agree,Strongly disagree,Disagree,Disagree,Disagree,Neither agree nor disagree,Sometimes,Never,Never,Often,Often,Often,Always,Never
Adelie,Biscoe,37.8,20,190,4250,male,2009,Disagree,Neither agree nor disagree,Strongly disagree,Agree,Agree,Neither agree nor disagree,Agree,Disagree,Strongly agree,Strongly agree,Agree,Disagree,Sometimes,Sometimes,Sometimes,Often,Rarely,Sometimes,Sometimes,Rarely
Adelie,Biscoe,37.9,18.6,193,2925,female,2009,Neither agree nor disagree,Strongly agree,Agree,Neither agree nor disagree,Agree,Strongly agree,Agree,Disagree,Agree,Neither agree nor disagree,Agree,Neither agree nor disagree,Always,Often,Always,Never,Sometimes,Always,Often,Often
Adelie,Biscoe,39.7,18.9,184,3550,male,2009,Neither agree nor disagree,Agree,Neither agree nor disagree,Disagree,Neither agree nor disagree,Neither agree nor disagree,Neither agree nor disagree,Strongly agree,Agree,Agree,Agree,Disagree,Always,Always,Often,Never,Rarely,Sometimes,Often,Sometimes
Adelie,Biscoe,38.6,17.2,199,3750,female,2009,Disagree,Strongly disagree,Strongly disagree,Agree,Agree,Agree,Agree,Disagree,Neither agree nor disagree,Agree,Agree,Disagree,Often,Rarely,Sometimes,Often,Sometimes,Rarely,Sometimes,Sometimes
Adelie,Biscoe,38.2,20,190,3900,male,2009,Agree,Strongly agree,Agree,Disagree,Strongly agree,Strongly agree,Neither agree nor disagree,Strongly disagree,Disagree,Neither agree nor disagree,Agree,Agree,Sometimes,Never,Sometimes,Sometimes,Often,Always,Often,Rarely
Adelie,Biscoe,38.1,17,181,3175,female,2009,Disagree,Neither agree nor disagree,Disagree,Agree,Neither agree nor disagree,Agree,Neither agree nor disagree,Disagree,Agree,Agree,Neither agree nor disagree,Disagree,Rarely,Never,Never,Always,Often,Often,Often,Rarely
Adelie,Biscoe,43.2,19,197,4775,male,2009,Strongly disagree,Disagree,Strongly disagree,Strongly agree,Agree,Neither agree nor disagree,Strongly agree,Strongly disagree,Strongly agree,Agree,Agree,Disagree,Often,Rarely,Rarely,Rarely,Often,Always,Sometimes,Rarely
Adelie,Biscoe,38.1,16.5,198,3825,female,2009,Disagree,Strongly disagree,Strongly disagree,Agree,Agree,Strongly agree,Strongly agree,Strongly disagree,Strongly agree,Strongly agree,Strongly agree,Strongly disagree,Rarely,Sometimes,Rarely,Often,Rarely,Sometimes,Rarely,Often
Adelie,Biscoe,45.6,20.3,191,4600,male,2009,Disagree,Disagree,Strongly disagree,Strongly agree,Strongly agree,Strongly agree,Strongly agree,Strongly disagree,Agree,Strongly agree,Agree,Disagree,Rarely,Never,Rarely,Often,Always,Often,Always,Rarely
Adelie,Biscoe,39.7,17.7,193,3200,female,2009,Neither agree nor disagree,Disagree,Strongly disagree,Disagree,Agree,Agree,Agree,Disagree,Neither agree nor disagree,Neither agree nor disagree,Disagree,Agree,Often,Sometimes,Rarely,Sometimes,Often,Always,Sometimes,Rarely
Adelie,Biscoe,42.2,19.5,197,4275,male,2009,Agree,Neither agree nor disagree,Neither agree nor disagree,Agree,Strongly agree,Neither agree nor disagree,Agree,Disagree,Neither agree nor disagree,Agree,Neither agree nor disagree,Disagree,Sometimes,Sometimes,Sometimes,Often,Often,Often,Sometimes,Sometimes
Adelie,Biscoe,39.6,20.7,191,3900,female,2009,Neither agree nor disagree,Disagree,Disagree,Agree,Neither agree nor disagree,Neither agree nor disagree,Neither agree nor disagree,Disagree,Neither agree nor disagree,Neither agree nor disagree,Agree,Neither agree nor disagree,Always,Sometimes,Always,Never,Often,Always,Often,Rarely
Adelie,Biscoe,42.7,18.3,196,4075,male,2009,Agree,Strongly disagree,Disagree,Disagree,Strongly agree,Strongly agree,Strongly agree,Strongly disagree,Agree,Disagree,Disagree,Disagree,Often,Rarely,Often,Rarely,Always,Often,Always,Rarely
Adelie,Torgersen,38.6,17,188,2900,female,2009,Neither agree nor disagree,Agree,Neither agree nor disagree,Disagree,Neither agree nor disagree,Neither agree nor disagree,Disagree,Neither agree nor disagree,Agree,Agree,Strongly agree,Strongly disagree,Sometimes,Sometimes,Sometimes,Sometimes,Often,Always,Always,Rarely
Adelie,Torgersen,37.3,20.5,199,3775,male,2009,Strongly agree,Agree,Agree,Disagree,Neither agree nor disagree,Neither agree nor disagree,Agree,Agree,Neither agree nor disagree,Agree,Agree,Neither agree nor disagree,Always,Always,Often,Rarely,Often,Sometimes,Often,Often
Adelie,Torgersen,35.7,17,189,3350,female,2009,Strongly agree,Strongly agree,Strongly agree,Disagree,Neither agree nor disagree,Neither agree nor disagree,Disagree,Agree,Agree,Agree,Strongly agree,Strongly disagree,Always,Sometimes,Often,Sometimes,Often,Sometimes,Often,Sometimes
Adelie,Torgersen,41.1,18.6,189,3325,male,2009,Disagree,Disagree,Disagree,Agree,Disagree,Neither agree nor disagree,Agree,Neither agree nor disagree,Strongly agree,Strongly agree,Agree,Strongly disagree,Rarely,Never,Rarely,Always,Always,Sometimes,Sometimes,Sometimes
Adelie,Torgersen,36.2,17.2,187,3150,female,2009,Agree,Agree,Agree,Strongly disagree,Strongly agree,Agree,Agree,Disagree,Agree,Strongly agree,Agree,Neither agree nor disagree,Sometimes,Sometimes,Often,Rarely,Often,Often,Always,Never
Adelie,Torgersen,37.7,19.8,198,3500,male,2009,Agree,Strongly agree,Strongly agree,Disagree,Disagree,Neither agree nor disagree,Neither agree nor disagree,Strongly agree,Strongly agree,Strongly agree,Strongly agree,Strongly disagree,Always,Sometimes,Sometimes,Never,Sometimes,Sometimes,Rarely,Often
Adelie,Torgersen,40.2,17,176,3450,female,2009,Neither agree nor disagree,Disagree,Neither agree nor disagree,Neither agree nor disagree,Strongly disagree,Strongly disagree,Strongly disagree,Strongly agree,Strongly agree,Agree,Agree,Disagree,Always,Rarely,Sometimes,Often,Sometimes,Often,Often,Sometimes
Adelie,Torgersen,41.4,18.5,202,3875,male,2009,Agree,Agree,Agree,Disagree,Strongly disagree,Neither agree nor disagree,Strongly disagree,Agree,Strongly agree,Strongly agree,Strongly agree,Disagree,Sometimes,Sometimes,Always,Sometimes,Rarely,Sometimes,Sometimes,Sometimes
Adelie,Torgersen,35.2,15.9,186,3050,female,2009,Strongly disagree,Strongly disagree,Disagree,Agree,Neither agree nor disagree,Agree,Agree,Disagree,Strongly agree,Strongly agree,Strongly agree,Strongly disagree,Always,Rarely,Rarely,Sometimes,Rarely,Rarely,Never,Sometimes
Adelie,Torgersen,40.6,19,199,4000,male,2009,Neither agree nor disagree,Agree,Agree,Disagree,Strongly agree,Agree,Agree,Strongly disagree,Agree,Agree,Strongly agree,Strongly disagree,Often,Sometimes,Sometimes,Rarely,Often,Always,Sometimes,Rarely
Adelie,Torgersen,38.8,17.6,191,3275,female,2009,Neither agree nor disagree,Disagree,Disagree,Agree,Disagree,Neither agree nor disagree,Neither agree nor disagree,Agree,Strongly agree,Strongly agree,Strongly agree,Strongly disagree,Rarely,Rarely,Rarely,Often,Sometimes,Sometimes,Rarely,Rarely
Adelie,Torgersen,41.5,18.3,195,4300,male,2009,Neither agree nor disagree,Disagree,Disagree,Agree,Strongly disagree,Strongly disagree,Strongly disagree,Strongly agree,Disagree,Neither agree nor disagree,Neither agree nor disagree,Neither agree nor disagree,Always,Always,Always,Rarely,Often,Always,Sometimes,Rarely
Adelie,Torgersen,39,17.1,191,3050,female,2009,Neither agree nor disagree,Neither agree nor disagree,Neither agree nor disagree,Disagree,Neither agree nor disagree,Strongly disagree,Neither agree nor disagree,Agree,Neither agree nor disagree,Agree,Neither agree nor disagree,Disagree,Sometimes,Never,Rarely,Often,Often,Always,Sometimes,Rarely
Adelie,Torgersen,44.1,18,210,4000,male,2009,Agree,Agree,Neither agree nor disagree,Disagree,Disagree,Disagree,Disagree,Strongly agree,Neither agree nor disagree,Strongly agree,Agree,Disagree,Rarely,Rarely,Rarely,Sometimes,Sometimes,Always,Often,Rarely
Adelie,Torgersen,38.5,17.9,190,3325,female,2009,Disagree,Agree,Agree,Neither agree nor disagree,Strongly disagree,Disagree,Strongly disagree,Strongly agree,Neither agree nor disagree,Disagree,Disagree,Neither agree nor disagree,Sometimes,Often,Sometimes,Rarely,Often,Often,Sometimes,Sometimes
Adelie,Torgersen,43.1,19.2,197,3500,male,2009,Strongly agree,Strongly agree,Strongly agree,Strongly disagree,Neither agree nor disagree,Neither agree nor disagree,Agree,Neither agree nor disagree,Agree,Neither agree nor disagree,Neither agree nor disagree,Strongly disagree,Rarely,Rarely,Sometimes,Often,Sometimes,Often,Often,Sometimes
Adelie,Dream,36.8,18.5,193,3500,female,2009,Neither agree nor disagree,Agree,Disagree,Neither agree nor disagree,Agree,Neither agree nor disagree,Neither agree nor disagree,Disagree,Strongly agree,Strongly agree,Strongly agree,Strongly disagree,Often,Often,Sometimes,Never,Often,Sometimes,Rarely,Sometimes
Adelie,Dream,37.5,18.5,199,4475,male,2009,Disagree,Neither agree nor disagree,Disagree,Disagree,Strongly agree,Strongly agree,Strongly agree,Disagree,Strongly agree,Agree,Neither agree nor disagree,Neither agree nor disagree,Sometimes,Sometimes,Sometimes,Rarely,Never,Rarely,Never,Always
Adelie,Dream,38.1,17.6,187,3425,female,2009,Neither agree nor disagree,Disagree,Neither agree nor disagree,Neither agree nor disagree,Disagree,Disagree,Neither agree nor disagree,Neither agree nor disagree,Agree,Neither agree nor disagree,Neither agree nor disagree,Disagree,Sometimes,Sometimes,Rarely,Rarely,Sometimes,Always,Often,Never
Adelie,Dream,41.1,17.5,190,3900,male,2009,Agree,Neither agree nor disagree,Neither agree nor disagree,Disagree,Agree,Disagree,Neither agree nor disagree,Neither agree nor disagree,Strongly agree,Agree,Strongly agree,Strongly disagree,Rarely,Never,Rarely,Often,Often,Sometimes,Rarely,Often
Adelie,Dream,35.6,17.5,191,3175,female,2009,Disagree,Disagree,Disagree,Strongly agree,Agree,Agree,Agree,Neither agree nor disagree,Agree,Agree,Neither agree nor disagree,Neither agree nor disagree,Sometimes,Sometimes,Rarely,Sometimes,Always,Always,Often,Sometimes
Adelie,Dream,40.2,20.1,200,3975,male,2009,Neither agree nor disagree,Agree,Agree,Disagree,Agree,Strongly agree,Strongly agree,Strongly disagree,Strongly agree,Strongly agree,Disagree,Disagree,Often,Sometimes,Sometimes,Rarely,Often,Often,Often,Rarely
Adelie,Dream,37,16.5,185,3400,female,2009,Agree,Neither agree nor disagree,Agree,Agree,Agree,Agree,Neither agree nor disagree,Strongly disagree,Strongly agree,Strongly agree,Agree,Disagree,Sometimes,Rarely,Sometimes,Often,Often,Sometimes,Rarely,Rarely
Adelie,Dream,39.7,17.9,193,4250,male,2009,Agree,Neither agree nor disagree,Neither agree nor disagree,Disagree,Neither agree nor disagree,Disagree,Disagree,Disagree,Strongly agree,Neither agree nor disagree,Neither agree nor disagree,Agree,Often,Sometimes,Always,Rarely,Often,Often,Sometimes,Rarely
Adelie,Dream,40.2,17.1,193,3400,female,2009,Neither agree nor disagree,Neither agree nor disagree,Neither agree nor disagree,Disagree,Agree,Strongly agree,Strongly agree,Strongly disagree,Neither agree nor disagree,Neither agree nor disagree,Strongly agree,Disagree,Often,Sometimes,Sometimes,Rarely,Sometimes,Rarely,Rarely,Often
Adelie,Dream,40.6,17.2,187,3475,male,2009,Agree,Agree,Neither agree nor disagree,Disagree,Agree,Agree,Agree,Strongly disagree,Strongly agree,Strongly agree,Strongly agree,Disagree,Always,Often,Sometimes,Sometimes,Often,Always,Often,Rarely
Adelie,Dream,32.1,15.5,188,3050,female,2009,Agree,Neither agree nor disagree,Neither agree nor disagree,Strongly disagree,Agree,Strongly agree,Agree,Disagree,Agree,Neither agree nor disagree,Neither agree nor disagree,Disagree,Sometimes,Rarely,Sometimes,Rarely,Often,Always,Often,Rarely
Adelie,Dream,40.7,17,190,3725,male,2009,Disagree,Neither agree nor disagree,Neither agree nor disagree,Agree,Strongly agree,Agree,Strongly agree,Disagree,Strongly agree,Strongly agree,Strongly agree,Strongly disagree,Sometimes,Sometimes,Sometimes,Sometimes,Always,Always,Often,Rarely
Adelie,Dream,37.3,16.8,192,3000,female,2009,Agree,Agree,Strongly agree,Strongly disagree,Disagree,Agree,Disagree,Disagree,Agree,Agree,Strongly agree,Disagree,Always,Always,Often,Never,Sometimes,Often,Rarely,Rarely
Adelie,Dream,39,18.7,185,3650,male,2009,Neither agree nor disagree,Neither agree nor disagree,Neither agree nor disagree,Agree,Disagree,Strongly disagree,Strongly disagree,Neither agree nor disagree,Neither agree nor disagree,Strongly agree,Agree,Neither agree nor disagree,Often,Often,Often,Sometimes,Rarely,Sometimes,Sometimes,Sometimes
Adelie,Dream,39.2,18.6,190,4250,male,2009,Agree,Strongly disagree,Neither agree nor disagree,Strongly disagree,Strongly agree,Agree,Strongly agree,Strongly disagree,Neither agree nor disagree,Agree,Agree,Neither agree nor disagree,Often,Often,Often,Rarely,Sometimes,Always,Often,Never
Adelie,Dream,36.6,18.4,184,3475,female,2009,Neither agree nor disagree,Neither agree nor disagree,Strongly agree,Disagree,Strongly agree,Neither agree nor disagree,Agree,Disagree,Strongly disagree,Strongly disagree,Strongly disagree,Agree,Always,Always,Sometimes,Never,Sometimes,Sometimes,Sometimes,Sometimes
Adelie,Dream,36,17.8,195,3450,female,2009,Agree,Neither agree nor disagree,Neither agree nor disagree,Neither agree nor disagree,Neither agree nor disagree,Agree,Disagree,Neither agree nor disagree,Disagree,Neither agree nor disagree,Neither agree nor disagree,Agree,Often,Sometimes,Sometimes,Sometimes,Sometimes,Often,Often,Rarely
Adelie,Dream,37.8,18.1,193,3750,male,2009,Disagree,Disagree,Strongly disagree,Agree,Strongly agree,Strongly agree,Agree,Strongly disagree,Disagree,Agree,Strongly agree,Disagree,Sometimes,Sometimes,Sometimes,Rarely,Sometimes,Often,Sometimes,Often
Adelie,Dream,36,17.1,187,3700,female,2009,Neither agree nor disagree,Neither agree nor disagree,Strongly disagree,Agree,Disagree,Agree,Neither agree nor disagree,Agree,Neither agree nor disagree,Neither agree nor disagree,Neither agree nor disagree,Disagree,Always,Always,Always,Never,Sometimes,Sometimes,Sometimes,Often
Adelie,Dream,41.5,18.5,201,4000,male,2009,Neither agree nor disagree,Neither agree nor disagree,Disagree,Neither agree nor disagree,Neither agree nor disagree,Neither agree nor disagree,Neither agree nor disagree,Strongly disagree,Agree,Strongly agree,Strongly agree,Strongly disagree,Often,Rarely,Sometimes,Often,Often,Often,Often,Sometimes
Gentoo,Biscoe,46.1,13.2,211,4500,female,2007,Strongly agree,Strongly agree,Agree,Strongly disagree,Agree,Neither agree nor disagree,Neither agree nor disagree,Disagree,Neither agree nor disagree,Neither agree nor disagree,Neither agree nor disagree,Neither agree nor disagree,Sometimes,Rarely,Sometimes,Rarely,Often,Often,Rarely,Rarely
Gentoo,Biscoe,50,16.3,230,5700,male,2007,Agree,Strongly agree,Agree,Neither agree nor disagree,Disagree,Agree,Disagree,Neither agree nor disagree,Disagree,Agree,Disagree,Disagree,Rarely,Often,Often,Often,Sometimes,Rarely,Rarely,Often
Gentoo,Biscoe,48.7,14.1,210,4450,female,2007,Strongly agree,Agree,Agree,Strongly disagree,Neither agree nor disagree,Neither agree nor disagree,Disagree,Agree,Agree,Disagree,Agree,Neither agree nor disagree,Always,Often,Rarely,Sometimes,Often,Sometimes,Sometimes,Sometimes
Gentoo,Biscoe,50,15.2,218,5700,male,2007,Strongly agree,Agree,Agree,Strongly disagree,Disagree,Disagree,Disagree,Agree,Disagree,Disagree,Disagree,Neither agree nor disagree,Always,Sometimes,Always,Rarely,Often,Often,Often,Never
Gentoo,Biscoe,47.6,14.5,215,5400,male,2007,Strongly agree,Neither agree nor disagree,Disagree,Disagree,Neither agree nor disagree,Strongly agree,Agree,Disagree,Neither agree nor disagree,Strongly agree,Neither agree nor disagree,Neither agree nor disagree,Sometimes,Rarely,Rarely,Often,Always,Always,Always,Never
Gentoo,Biscoe,46.5,13.5,210,4550,female,2007,Agree,Disagree,Agree,Disagree,Agree,Disagree,Neither agree nor disagree,Disagree,Neither agree nor disagree,Neither agree nor disagree,Disagree,Agree,Sometimes,Sometimes,Sometimes,Sometimes,Rarely,Often,Sometimes,Often
Gentoo,Biscoe,45.4,14.6,211,4800,female,2007,Agree,Neither agree nor disagree,Neither agree nor disagree,Disagree,Disagree,Neither agree nor disagree,Neither agree nor disagree,Agree,Neither agree nor disagree,Disagree,Disagree,Neither agree nor disagree,Never,Never,Never,Always,Often,Rarely,Sometimes,Rarely
Gentoo,Biscoe,46.7,15.3,219,5200,male,2007,Agree,Agree,Agree,Strongly disagree,Strongly agree,Strongly agree,Strongly agree,Strongly disagree,Disagree,Neither agree nor disagree,Agree,Neither agree nor disagree,Rarely,Often,Never,Often,Sometimes,Sometimes,Sometimes,Sometimes
Gentoo,Biscoe,43.3,13.4,209,4400,female,2007,Strongly agree,Strongly agree,Agree,Strongly disagree,Neither agree nor disagree,Strongly agree,Neither agree nor disagree,Neither agree nor disagree,Neither agree nor disagree,Strongly disagree,Neither agree nor disagree,Neither agree nor disagree,Sometimes,Sometimes,Often,Rarely,Often,Often,Sometimes,Never
Gentoo,Biscoe,46.8,15.4,215,5150,male,2007,Agree,Neither agree nor disagree,Strongly disagree,Neither agree nor disagree,Neither agree nor disagree,Neither agree nor disagree,Neither agree nor disagree,Neither agree nor disagree,Disagree,Agree,Neither agree nor disagree,Agree,Always,Always,Often,Never,Often,Sometimes,Often,Sometimes
Gentoo,Biscoe,40.9,13.7,214,4650,female,2007,Agree,Agree,Neither agree nor disagree,Neither agree nor disagree,Neither agree nor disagree,Agree,Neither agree nor disagree,Agree,Agree,Neither agree nor disagree,Strongly agree,Neither agree nor disagree,Sometimes,Never,Rarely,Often,Sometimes,Rarely,Often,Often
Gentoo,Biscoe,49,16.1,216,5550,male,2007,Strongly agree,Agree,Strongly agree,Strongly disagree,Neither agree nor disagree,Disagree,Neither agree nor disagree,Neither agree nor disagree,Neither agree nor disagree,Neither agree nor disagree,Agree,Agree,Never,Sometimes,Sometimes,Sometimes,Rarely,Often,Often,Rarely
Gentoo,Biscoe,45.5,13.7,214,4650,female,2007,Agree,Agree,Neither agree nor disagree,Disagree,Neither agree nor disagree,Agree,Agree,Agree,Strongly disagree,Disagree,Disagree,Agree,Rarely,Sometimes,Sometimes,Often,Rarely,Sometimes,Often,Rarely
Gentoo,Biscoe,48.4,14.6,213,5850,male,2007,Agree,Neither agree nor disagree,Agree,Disagree,Agree,Agree,Strongly agree,Disagree,Disagree,Disagree,Neither agree nor disagree,Neither agree nor disagree,Never,Never,Never,Often,Often,Sometimes,Sometimes,Sometimes
Gentoo,Biscoe,45.8,14.6,210,4200,female,2007,Strongly agree,Strongly agree,Agree,Strongly disagree,Agree,Neither agree nor disagree,Disagree,Disagree,Neither agree nor disagree,Disagree,Disagree,Agree,Sometimes,Often,Rarely,Rarely,Rarely,Rarely,Often,Rarely
Gentoo,Biscoe,49.3,15.7,217,5850,male,2007,Neither agree nor disagree,Neither agree nor disagree,Disagree,Neither agree nor disagree,Agree,Strongly agree,Agree,Neither agree nor disagree,Neither agree nor disagree,Disagree,Disagree,Disagree,Rarely,Sometimes,Sometimes,Often,Sometimes,Rarely,Sometimes,Often
Gentoo,Biscoe,42,13.5,210,4150,female,2007,Neither agree nor disagree,Neither agree nor disagree,Agree,Disagree,Neither agree nor disagree,Neither agree nor disagree,Disagree,Agree,Neither agree nor disagree,Disagree,Disagree,Neither agree nor disagree,Rarely,Rarely,Sometimes,Often,Often,Always,Often,Never
Gentoo,Biscoe,49.2,15.2,221,6300,male,2007,Neither agree nor disagree,Neither agree nor disagree,Strongly agree,Disagree,Agree,Agree,Disagree,Neither agree nor disagree,Agree,Disagree,Neither agree nor disagree,Disagree,Sometimes,Sometimes,Rarely,Sometimes,Often,Often,Always,Rarely
Gentoo,Biscoe,46.2,14.5,209,4800,female,2007,Agree,Neither agree nor disagree,Neither agree nor disagree,Disagree,Strongly agree,Agree,Agree,Strongly disagree,Neither agree nor disagree,Neither agree nor disagree,Neither agree nor disagree,Disagree,Rarely,Rarely,Rarely,Sometimes,Sometimes,Often,Sometimes,Sometimes
Gentoo,Biscoe,48.7,15.1,222,5350,male,2007,Neither agree nor disagree,Strongly agree,Disagree,Neither agree nor disagree,Neither agree nor disagree,Disagree,Disagree,Neither agree nor disagree,Strongly disagree,Strongly disagree,Strongly disagree,Strongly agree,Rarely,Never,Rarely,Often,Always,Always,Always,Never
Gentoo,Biscoe,50.2,14.3,218,5700,male,2007,Agree,Agree,Agree,Disagree,Agree,Agree,Strongly disagree,Agree,Disagree,Disagree,Neither agree nor disagree,Agree,Sometimes,Often,Rarely,Rarely,Often,Always,Always,Never
Gentoo,Biscoe,45.1,14.5,215,5000,female,2007,Strongly agree,Neither agree nor disagree,Neither agree nor disagree,Disagree,Agree,Strongly agree,Neither agree nor disagree,Disagree,Agree,Strongly agree,Agree,Strongly disagree,Never,Never,Rarely,Always,Sometimes,Often,Sometimes,Rarely
Gentoo,Biscoe,46.5,14.5,213,4400,female,2007,Strongly agree,Agree,Neither agree nor disagree,Neither agree nor disagree,Disagree,Neither agree nor disagree,Neither agree nor disagree,Neither agree nor disagree,Neither agree nor disagree,Disagree,Agree,Neither agree nor disagree,Rarely,Rarely,Sometimes,Rarely,Always,Often,Often,Never
Gentoo,Biscoe,46.3,15.8,215,5050,male,2007,Agree,Strongly agree,Agree,Disagree,Agree,Neither agree nor disagree,Disagree,Agree,Disagree,Disagree,Disagree,Agree,Sometimes,Sometimes,Sometimes,Sometimes,Rarely,Often,Often,Sometimes
Gentoo,Biscoe,42.9,13.1,215,5000,female,2007,Neither agree nor disagree,Neither agree nor disagree,Disagree,Agree,Strongly disagree,Disagree,Neither agree nor disagree,Neither agree nor disagree,Neither agree nor disagree,Neither agree nor disagree,Neither agree nor disagree,Neither agree nor disagree,Never,Never,Never,Always,Sometimes,Sometimes,Sometimes,Sometimes
Gentoo,Biscoe,46.1,15.1,215,5100,male,2007,Strongly agree,Agree,Agree,Strongly disagree,Agree,Strongly agree,Agree,Disagree,Agree,Disagree,Neither agree nor disagree,Strongly agree,Rarely,Rarely,Rarely,Sometimes,Sometimes,Often,Often,Rarely
Gentoo,Biscoe,44.5,14.3,216,4100,NA,2007,Strongly agree,Strongly agree,Strongly agree,Strongly disagree,Neither agree nor disagree,Neither agree nor disagree,Agree,Disagree,Agree,Strongly disagree,Neither agree nor disagree,Strongly agree,Often,Rarely,Sometimes,Sometimes,Always,Always,Often,Rarely
Gentoo,Biscoe,47.8,15,215,5650,male,2007,Neither agree nor disagree,Agree,Agree,Disagree,Neither agree nor disagree,Neither agree nor disagree,Neither agree nor disagree,Disagree,Neither agree nor disagree,Disagree,Neither agree nor disagree,Neither agree nor disagree,Never,Never,Never,Often,Sometimes,Rarely,Sometimes,Sometimes
Gentoo,Biscoe,48.2,14.3,210,4600,female,2007,Neither agree nor disagree,Agree,Neither agree nor disagree,Disagree,Disagree,Neither agree nor disagree,Strongly disagree,Neither agree nor disagree,Agree,Neither agree nor disagree,Agree,Neither agree nor disagree,Often,Sometimes,Sometimes,Often,Sometimes,Often,Sometimes,Sometimes
Gentoo,Biscoe,50,15.3,220,5550,male,2007,Strongly agree,Agree,Strongly agree,Disagree,Agree,Neither agree nor disagree,Agree,Neither agree nor disagree,Neither agree nor disagree,Disagree,Agree,Neither agree nor disagree,Often,Sometimes,Often,Rarely,Often,Often,Often,Never
Gentoo,Biscoe,47.3,15.3,222,5250,male,2007,Agree,Strongly agree,Agree,Disagree,Neither agree nor disagree,Neither agree nor disagree,Disagree,Agree,Strongly disagree,Neither agree nor disagree,Agree,Agree,Often,Always,Rarely,Rarely,Always,Always,Sometimes,Sometimes
Gentoo,Biscoe,42.8,14.2,209,4700,female,2007,Strongly agree,Strongly agree,Strongly agree,Disagree,Agree,Agree,Disagree,Agree,Disagree,Disagree,Neither agree nor disagree,Neither agree nor disagree,Rarely,Sometimes,Never,Sometimes,Sometimes,Rarely,Never,Always
Gentoo,Biscoe,45.1,14.5,207,5050,female,2007,Agree,Agree,Strongly agree,Disagree,Neither agree nor disagree,Agree,Neither agree nor disagree,Neither agree nor disagree,Disagree,Disagree,Neither agree nor disagree,Disagree,Sometimes,Sometimes,Rarely,Always,Often,Always,Often,Never
Gentoo,Biscoe,59.6,17,230,6050,male,2007,Strongly agree,Strongly agree,Neither agree nor disagree,Strongly disagree,Strongly agree,Strongly agree,Agree,Strongly disagree,Disagree,Neither agree nor disagree,Agree,Neither agree nor disagree,Rarely,Never,Rarely,Often,Often,Often,Always,Rarely
Gentoo,Biscoe,49.1,14.8,220,5150,female,2008,Strongly agree,Strongly agree,Strongly agree,Strongly disagree,Neither agree nor disagree,Neither agree nor disagree,Disagree,Disagree,Agree,Neither agree nor disagree,Neither agree nor disagree,Agree,Often,Never,Rarely,Often,Always,Often,Often,Rarely
Gentoo,Biscoe,48.4,16.3,220,5400,male,2008,Strongly agree,Strongly agree,Neither agree nor disagree,Strongly disagree,Neither agree nor disagree,Neither agree nor disagree,Disagree,Agree,Disagree,Disagree,Disagree,Neither agree nor disagree,Sometimes,Sometimes,Rarely,Often,Sometimes,Often,Often,Rarely
Gentoo,Biscoe,42.6,13.7,213,4950,female,2008,Strongly agree,Strongly agree,Agree,Neither agree nor disagree,Strongly agree,Strongly agree,Strongly agree,Disagree,Agree,Disagree,Agree,Agree,Often,Always,Often,Sometimes,Always,Often,Often,Never
Gentoo,Biscoe,44.4,17.3,219,5250,male,2008,Agree,Neither agree nor disagree,Agree,Disagree,Neither agree nor disagree,Agree,Neither agree nor disagree,Neither agree nor disagree,Agree,Disagree,Neither agree nor disagree,Disagree,Often,Sometimes,Sometimes,Sometimes,Often,Often,Sometimes,Sometimes
Gentoo,Biscoe,44,13.6,208,4350,female,2008,Agree,Neither agree nor disagree,Agree,Strongly disagree,Neither agree nor disagree,Agree,Agree,Neither agree nor disagree,Agree,Neither agree nor disagree,Agree,Neither agree nor disagree,Sometimes,Rarely,Rarely,Often,Always,Often,Sometimes,Rarely
Gentoo,Biscoe,48.7,15.7,208,5350,male,2008,Disagree,Agree,Agree,Disagree,Agree,Strongly agree,Agree,Strongly disagree,Strongly disagree,Strongly disagree,Disagree,Strongly agree,Often,Rarely,Sometimes,Sometimes,Often,Always,Often,Rarely
Gentoo,Biscoe,42.7,13.7,208,3950,female,2008,Strongly agree,Strongly agree,Strongly agree,Strongly disagree,Agree,Agree,Neither agree nor disagree,Neither agree nor disagree,Disagree,Disagree,Neither agree nor disagree,Neither agree nor disagree,Often,Sometimes,Sometimes,Sometimes,Always,Always,Always,Never
Gentoo,Biscoe,49.6,16,225,5700,male,2008,Agree,Agree,Agree,Strongly disagree,Strongly agree,Strongly agree,Strongly agree,Strongly disagree,Agree,Neither agree nor disagree,Agree,Agree,Rarely,Never,Often,Often,Always,Always,Often,Rarely
Gentoo,Biscoe,45.3,13.7,210,4300,female,2008,Disagree,Agree,Strongly disagree,Agree,Disagree,Agree,Neither agree nor disagree,Agree,Neither agree nor disagree,Neither agree nor disagree,Disagree,Agree,Sometimes,Rarely,Always,Rarely,Never,Never,Sometimes,Always
Gentoo,Biscoe,49.6,15,216,4750,male,2008,Strongly agree,Strongly agree,Strongly agree,Strongly disagree,Agree,Agree,Strongly agree,Neither agree nor disagree,Strongly disagree,Strongly disagree,Strongly disagree,Strongly agree,Never,Never,Sometimes,Sometimes,Sometimes,Often,Sometimes,Rarely
Gentoo,Biscoe,50.5,15.9,222,5550,male,2008,Neither agree nor disagree,Neither agree nor disagree,Neither agree nor disagree,Disagree,Agree,Strongly agree,Neither agree nor disagree,Disagree,Disagree,Disagree,Disagree,Neither agree nor disagree,Rarely,Never,Rarely,Often,Always,Always,Often,Rarely
Gentoo,Biscoe,43.6,13.9,217,4900,female,2008,Neither agree nor disagree,Disagree,Neither agree nor disagree,Neither agree nor disagree,Agree,Neither agree nor disagree,Agree,Disagree,Neither agree nor disagree,Agree,Neither agree nor disagree,Strongly disagree,Sometimes,Never,Rarely,Sometimes,Never,Sometimes,Rarely,Sometimes
Gentoo,Biscoe,45.5,13.9,210,4200,female,2008,Neither agree nor disagree,Strongly agree,Strongly agree,Agree,Agree,Agree,Agree,Strongly disagree,Strongly disagree,Disagree,Strongly disagree,Strongly agree,Rarely,Rarely,Rarely,Sometimes,Sometimes,Rarely,Rarely,Sometimes
Gentoo,Biscoe,50.5,15.9,225,5400,male,2008,Agree,Strongly agree,Agree,Disagree,Agree,Agree,Neither agree nor disagree,Neither agree nor disagree,Neither agree nor disagree,Agree,Disagree,Agree,Never,Rarely,Never,Always,Rarely,Often,Rarely,Sometimes
Gentoo,Biscoe,44.9,13.3,213,5100,female,2008,Strongly agree,Neither agree nor disagree,Neither agree nor disagree,Neither agree nor disagree,Neither agree nor disagree,Neither agree nor disagree,Strongly disagree,Strongly agree,Strongly disagree,Neither agree nor disagree,Strongly disagree,Agree,Often,Rarely,Sometimes,Sometimes,Sometimes,Often,Often,Never
Gentoo,Biscoe,45.2,15.8,215,5300,male,2008,Agree,Strongly agree,Agree,Disagree,Neither agree nor disagree,Neither agree nor disagree,Neither agree nor disagree,Neither agree nor disagree,Agree,Neither agree nor disagree,Neither agree nor disagree,Neither agree nor disagree,Often,Never,Never,Often,Rarely,Always,Sometimes,Sometimes
Gentoo,Biscoe,46.6,14.2,210,4850,female,2008,Agree,Agree,Neither agree nor disagree,Disagree,Agree,Agree,Strongly agree,Agree,Agree,Agree,Agree,Neither agree nor disagree,Sometimes,Rarely,Rarely,Sometimes,Sometimes,Often,Often,Rarely
Gentoo,Biscoe,48.5,14.1,220,5300,male,2008,Neither agree nor disagree,Disagree,Disagree,Disagree,Disagree,Neither agree nor disagree,Disagree,Disagree,Agree,Disagree,Disagree,Agree,Often,Rarely,Often,Rarely,Sometimes,Often,Sometimes,Sometimes
Gentoo,Biscoe,45.1,14.4,210,4400,female,2008,Agree,Agree,Neither agree nor disagree,Neither agree nor disagree,Agree,Agree,Agree,Strongly disagree,Neither agree nor disagree,Neither agree nor disagree,Neither agree nor disagree,Strongly agree,Often,Sometimes,Rarely,Sometimes,Often,Often,Sometimes,Sometimes
Gentoo,Biscoe,50.1,15,225,5000,male,2008,Strongly agree,Strongly agree,Strongly agree,Strongly disagree,Neither agree nor disagree,Neither agree nor disagree,Neither agree nor disagree,Neither agree nor disagree,Disagree,Disagree,Neither agree nor disagree,Agree,Sometimes,Often,Sometimes,Sometimes,Often,Always,Sometimes,Often
Gentoo,Biscoe,46.5,14.4,217,4900,female,2008,Neither agree nor disagree,Agree,Neither agree nor disagree,Neither agree nor disagree,Agree,Strongly agree,Agree,Disagree,Strongly agree,Agree,Agree,Strongly disagree,Sometimes,Never,Often,Always,Often,Sometimes,Sometimes,Often
Gentoo,Biscoe,45,15.4,220,5050,male,2008,Neither agree nor disagree,Neither agree nor disagree,Neither agree nor disagree,Disagree,Neither agree nor disagree,Neither agree nor disagree,Agree,Neither agree nor disagree,Neither agree nor disagree,Agree,Agree,Agree,Sometimes,Often,Sometimes,Sometimes,Always,Always,Always,Never
Gentoo,Biscoe,43.8,13.9,208,4300,female,2008,Neither agree nor disagree,Agree,Strongly agree,Disagree,Agree,Strongly agree,Neither agree nor disagree,Disagree,Disagree,Disagree,Disagree,Agree,Sometimes,Often,Never,Sometimes,Always,Always,Always,Rarely
Gentoo,Biscoe,45.5,15,220,5000,male,2008,Strongly agree,Strongly agree,Strongly agree,Strongly disagree,Neither agree nor disagree,Neither agree nor disagree,Neither agree nor disagree,Strongly agree,Strongly disagree,Strongly disagree,Neither agree nor disagree,Agree,Sometimes,Sometimes,Rarely,Sometimes,Often,Often,Sometimes,Often
Gentoo,Biscoe,43.2,14.5,208,4450,female,2008,Agree,Agree,Neither agree nor disagree,Agree,Agree,Disagree,Disagree,Neither agree nor disagree,Neither agree nor disagree,Neither agree nor disagree,Disagree,Neither agree nor disagree,Sometimes,Sometimes,Sometimes,Sometimes,Sometimes,Often,Sometimes,Sometimes
Gentoo,Biscoe,50.4,15.3,224,5550,male,2008,Strongly agree,Strongly agree,Strongly agree,Strongly disagree,Agree,Strongly agree,Strongly agree,Strongly disagree,Neither agree nor disagree,Neither agree nor disagree,Agree,Neither agree nor disagree,Sometimes,Rarely,Never,Often,Often,Sometimes,Rarely,Rarely
Gentoo,Biscoe,45.3,13.8,208,4200,female,2008,Neither agree nor disagree,Agree,Disagree,Neither agree nor disagree,Neither agree nor disagree,Neither agree nor disagree,Disagree,Agree,Neither agree nor disagree,Agree,Agree,Agree,Never,Never,Never,Always,Often,Always,Always,Never
Gentoo,Biscoe,46.2,14.9,221,5300,male,2008,Agree,Strongly agree,Neither agree nor disagree,Disagree,Disagree,Neither agree nor disagree,Neither agree nor disagree,Agree,Disagree,Neither agree nor disagree,Disagree,Neither agree nor disagree,Sometimes,Sometimes,Sometimes,Rarely,Sometimes,Often,Often,Sometimes
Gentoo,Biscoe,45.7,13.9,214,4400,female,2008,Neither agree nor disagree,Neither agree nor disagree,Disagree,Disagree,Disagree,Agree,Neither agree nor disagree,Disagree,Disagree,Disagree,Strongly disagree,Agree,Often,Sometimes,Sometimes,Sometimes,Sometimes,Rarely,Sometimes,Always
Gentoo,Biscoe,54.3,15.7,231,5650,male,2008,Agree,Neither agree nor disagree,Agree,Strongly disagree,Agree,Strongly agree,Agree,Disagree,Agree,Agree,Neither agree nor disagree,Neither agree nor disagree,Sometimes,Often,Sometimes,Sometimes,Often,Sometimes,Often,Sometimes
Gentoo,Biscoe,45.8,14.2,219,4700,female,2008,Strongly agree,Agree,Strongly agree,Disagree,Neither agree nor disagree,Neither agree nor disagree,Agree,Neither agree nor disagree,Agree,Agree,Neither agree nor disagree,Disagree,Rarely,Rarely,Sometimes,Sometimes,Often,Often,Sometimes,Sometimes
Gentoo,Biscoe,49.8,16.8,230,5700,male,2008,Strongly agree,Agree,Strongly agree,Strongly disagree,Agree,Strongly agree,Agree,Disagree,Neither agree nor disagree,Disagree,Agree,Disagree,Sometimes,Sometimes,Sometimes,Often,Always,Often,Sometimes,Sometimes
Gentoo,Biscoe,46.2,14.4,214,4650,NA,2008,Strongly agree,Strongly agree,Strongly agree,Disagree,Disagree,Neither agree nor disagree,Agree,Agree,Agree,Strongly disagree,Disagree,Neither agree nor disagree,Rarely,Never,Rarely,Often,Sometimes,Sometimes,Sometimes,Sometimes
Gentoo,Biscoe,49.5,16.2,229,5800,male,2008,Strongly agree,Strongly agree,Strongly agree,Strongly disagree,Neither agree nor disagree,Disagree,Disagree,Neither agree nor disagree,Agree,Neither agree nor disagree,Neither agree nor disagree,Neither agree nor disagree,Rarely,Rarely,Rarely,Often,Often,Often,Often,Never
Gentoo,Biscoe,43.5,14.2,220,4700,female,2008,Agree,Strongly agree,Agree,Neither agree nor disagree,Agree,Agree,Neither agree nor disagree,Neither agree nor disagree,Disagree,Strongly disagree,Strongly disagree,Strongly agree,Sometimes,Sometimes,Rarely,Often,Always,Often,Always,Rarely
Gentoo,Biscoe,50.7,15,223,5550,male,2008,Neither agree nor disagree,Disagree,Strongly disagree,Agree,Neither agree nor disagree,Agree,Agree,Disagree,Strongly disagree,Strongly disagree,Strongly disagree,Agree,Often,Rarely,Sometimes,Sometimes,Often,Sometimes,Often,Sometimes
Gentoo,Biscoe,47.7,15,216,4750,female,2008,Agree,Agree,Agree,Neither agree nor disagree,Neither agree nor disagree,Neither agree nor disagree,Neither agree nor disagree,Neither agree nor disagree,Neither agree nor disagree,Neither agree nor disagree,Neither agree nor disagree,Disagree,Often,Rarely,Rarely,Often,Always,Always,Always,Rarely
Gentoo,Biscoe,46.4,15.6,221,5000,male,2008,Agree,Agree,Neither agree nor disagree,Neither agree nor disagree,Neither agree nor disagree,Agree,Agree,Agree,Agree,Disagree,Disagree,Agree,Sometimes,Rarely,Often,Often,Sometimes,Rarely,Never,Often
Gentoo,Biscoe,48.2,15.6,221,5100,male,2008,Neither agree nor disagree,Neither agree nor disagree,Neither agree nor disagree,Neither agree nor disagree,Neither agree nor disagree,Agree,Agree,Disagree,Disagree,Agree,Agree,Disagree,Sometimes,Rarely,Often,Sometimes,Sometimes,Sometimes,Sometimes,Sometimes
Gentoo,Biscoe,46.5,14.8,217,5200,female,2008,Agree,Strongly agree,Strongly agree,Strongly disagree,Agree,Neither agree nor disagree,Agree,Neither agree nor disagree,Strongly agree,Strongly agree,Strongly agree,Disagree,Rarely,Sometimes,Rarely,Always,Always,Always,Always,Never
Gentoo,Biscoe,46.4,15,216,4700,female,2008,Agree,Agree,Neither agree nor disagree,Neither agree nor disagree,Strongly agree,Strongly agree,Agree,Strongly disagree,Agree,Neither agree nor disagree,Disagree,Agree,Rarely,Rarely,Rarely,Always,Often,Sometimes,Sometimes,Often
Gentoo,Biscoe,48.6,16,230,5800,male,2008,Agree,Agree,Neither agree nor disagree,Disagree,Disagree,Neither agree nor disagree,Agree,Agree,Strongly disagree,Disagree,Disagree,Strongly agree,Sometimes,Rarely,Rarely,Always,Sometimes,Always,Often,Never
Gentoo,Biscoe,47.5,14.2,209,4600,female,2008,Agree,Agree,Strongly agree,Disagree,Neither agree nor disagree,Neither agree nor disagree,Agree,Disagree,Strongly disagree,Strongly disagree,Strongly disagree,Strongly agree,Rarely,Rarely,Rarely,Often,Sometimes,Rarely,Sometimes,Sometimes
Gentoo,Biscoe,51.1,16.3,220,6000,male,2008,Agree,Agree,Agree,Strongly disagree,Strongly agree,Agree,Agree,Disagree,Disagree,Disagree,Neither agree nor disagree,Agree,Never,Never,Never,Often,Often,Often,Always,Often
Gentoo,Biscoe,45.2,13.8,215,4750,female,2008,Strongly agree,Agree,Disagree,Disagree,Strongly agree,Agree,Agree,Strongly disagree,Disagree,Disagree,Disagree,Agree,Sometimes,Rarely,Sometimes,Often,Rarely,Often,Sometimes,Sometimes
Gentoo,Biscoe,45.2,16.4,223,5950,male,2008,Strongly agree,Agree,Agree,Disagree,Neither agree nor disagree,Agree,Agree,Neither agree nor disagree,Neither agree nor disagree,Neither agree nor disagree,Neither agree nor disagree,Disagree,Often,Rarely,Sometimes,Sometimes,Often,Often,Often,Never
Gentoo,Biscoe,49.1,14.5,212,4625,female,2009,Agree,Strongly agree,Neither agree nor disagree,Disagree,Agree,Agree,Neither agree nor disagree,Neither agree nor disagree,Disagree,Neither agree nor disagree,Disagree,Agree,Rarely,Never,Rarely,Always,Always,Often,Often,Often
Gentoo,Biscoe,52.5,15.6,221,5450,male,2009,Agree,Agree,Strongly agree,Disagree,Neither agree nor disagree,Disagree,Neither agree nor disagree,Neither agree nor disagree,Disagree,Disagree,Disagree,Strongly agree,Never,Never,Rarely,Often,Sometimes,Rarely,Rarely,Often
Gentoo,Biscoe,47.4,14.6,212,4725,female,2009,Agree,Neither agree nor disagree,Agree,Disagree,Neither agree nor disagree,Strongly agree,Agree,Strongly disagree,Disagree,Neither agree nor disagree,Agree,Agree,Often,Sometimes,Always,Rarely,Often,Sometimes,Rarely,Rarely
Gentoo,Biscoe,50,15.9,224,5350,male,2009,Strongly agree,Neither agree nor disagree,Neither agree nor disagree,Disagree,Strongly agree,Agree,Strongly agree,Neither agree nor disagree,Neither agree nor disagree,Neither agree nor disagree,Disagree,Disagree,Rarely,Sometimes,Often,Sometimes,Sometimes,Sometimes,Always,Sometimes
Gentoo,Biscoe,44.9,13.8,212,4750,female,2009,Disagree,Disagree,Disagree,Agree,Agree,Neither agree nor disagree,Neither agree nor disagree,Agree,Agree,Neither agree nor disagree,Neither agree nor disagree,Neither agree nor disagree,Never,Rarely,Never,Always,Always,Always,Always,Never
Gentoo,Biscoe,50.8,17.3,228,5600,male,2009,Strongly agree,Strongly agree,Agree,Strongly disagree,Agree,Strongly agree,Strongly agree,Disagree,Disagree,Strongly disagree,Disagree,Neither agree nor disagree,Rarely,Rarely,Never,Always,Rarely,Sometimes,Rarely,Often
Gentoo,Biscoe,43.4,14.4,218,4600,female,2009,Strongly agree,Agree,Strongly agree,Disagree,Neither agree nor disagree,Strongly agree,Neither agree nor disagree,Neither agree nor disagree,Agree,Agree,Disagree,Neither agree nor disagree,Always,Always,Sometimes,Rarely,Often,Always,Always,Rarely
Gentoo,Biscoe,51.3,14.2,218,5300,male,2009,Strongly agree,Strongly agree,Strongly agree,Strongly disagree,Agree,Neither agree nor disagree,Agree,Agree,Neither agree nor disagree,Agree,Agree,Neither agree nor disagree,Often,Sometimes,Often,Sometimes,Sometimes,Often,Sometimes,Rarely
Gentoo,Biscoe,47.5,14,212,4875,female,2009,Strongly agree,Neither agree nor disagree,Agree,Neither agree nor disagree,Strongly agree,Strongly agree,Strongly agree,Strongly disagree,Neither agree nor disagree,Disagree,Disagree,Agree,Sometimes,Sometimes,Sometimes,Often,Sometimes,Often,Always,Sometimes
Gentoo,Biscoe,52.1,17,230,5550,male,2009,Agree,Agree,Agree,Neither agree nor disagree,Agree,Neither agree nor disagree,Agree,Disagree,Strongly agree,Agree,Neither agree nor disagree,Disagree,Never,Never,Never,Often,Always,Always,Sometimes,Rarely
Gentoo,Biscoe,47.5,15,218,4950,female,2009,Strongly agree,Strongly agree,Neither agree nor disagree,Strongly disagree,Agree,Neither agree nor disagree,Neither agree nor disagree,Agree,Strongly disagree,Disagree,Strongly disagree,Agree,Never,Never,Never,Always,Always,Often,Sometimes,Never
Gentoo,Biscoe,52.2,17.1,228,5400,male,2009,Strongly agree,Strongly agree,Agree,Disagree,Agree,Disagree,Agree,Neither agree nor disagree,Neither agree nor disagree,Agree,Neither agree nor disagree,Neither agree nor disagree,Rarely,Rarely,Never,Often,Often,Always,Always,Rarely
Gentoo,Biscoe,45.5,14.5,212,4750,female,2009,Strongly agree,Agree,Neither agree nor disagree,Disagree,Neither agree nor disagree,Agree,Neither agree nor disagree,Neither agree nor disagree,Strongly agree,Agree,Neither agree nor disagree,Disagree,Never,Sometimes,Never,Always,Often,Always,Always,Sometimes
Gentoo,Biscoe,49.5,16.1,224,5650,male,2009,Strongly agree,Strongly agree,Neither agree nor disagree,Strongly disagree,Strongly disagree,Disagree,Disagree,Agree,Disagree,Disagree,Strongly disagree,Agree,Rarely,Rarely,Rarely,Often,Often,Always,Often,Rarely
Gentoo,Biscoe,44.5,14.7,214,4850,female,2009,Neither agree nor disagree,Agree,Neither agree nor disagree,Strongly disagree,Neither agree nor disagree,Neither agree nor disagree,Neither agree nor disagree,Disagree,Neither agree nor disagree,Neither agree nor disagree,Disagree,Neither agree nor disagree,Often,Sometimes,Often,Often,Rarely,Rarely,Sometimes,Often
Gentoo,Biscoe,50.8,15.7,226,5200,male,2009,Neither agree nor disagree,Neither agree nor disagree,Disagree,Neither agree nor disagree,Strongly agree,Agree,Neither agree nor disagree,Neither agree nor disagree,Strongly disagree,Neither agree nor disagree,Disagree,Agree,Never,Rarely,Rarely,Always,Sometimes,Sometimes,Sometimes,Sometimes
Gentoo,Biscoe,49.4,15.8,216,4925,male,2009,Strongly agree,Strongly agree,Strongly agree,Strongly disagree,Neither agree nor disagree,Strongly agree,Neither agree nor disagree,Disagree,Disagree,Neither agree nor disagree,Disagree,Agree,Never,Rarely,Rarely,Often,Often,Often,Often,Sometimes
Gentoo,Biscoe,46.9,14.6,222,4875,female,2009,Agree,Agree,Neither agree nor disagree,Neither agree nor disagree,Agree,Agree,Neither agree nor disagree,Neither agree nor disagree,Neither agree nor disagree,Neither agree nor disagree,Neither agree nor disagree,Neither agree nor disagree,Rarely,Never,Sometimes,Always,Often,Sometimes,Sometimes,Rarely
Gentoo,Biscoe,48.4,14.4,203,4625,female,2009,Neither agree nor disagree,Agree,Neither agree nor disagree,Neither agree nor disagree,Disagree,Neither agree nor disagree,Neither agree nor disagree,Agree,Neither agree nor disagree,Neither agree nor disagree,Neither agree nor disagree,Neither agree nor disagree,Never,Rarely,Rarely,Often,Rarely,Often,Rarely,Often
Gentoo,Biscoe,51.1,16.5,225,5250,male,2009,Strongly agree,Agree,Agree,Strongly disagree,Neither agree nor disagree,Agree,Disagree,Agree,Agree,Agree,Strongly agree,Disagree,Rarely,Rarely,Sometimes,Often,Sometimes,Sometimes,Often,Rarely
Gentoo,Biscoe,48.5,15,219,4850,female,2009,Agree,Neither agree nor disagree,Neither agree nor disagree,Disagree,Neither agree nor disagree,Agree,Strongly disagree,Strongly agree,Neither agree nor disagree,Neither agree nor disagree,Neither agree nor disagree,Disagree,Sometimes,Never,Never,Always,Sometimes,Sometimes,Rarely,Sometimes
Gentoo,Biscoe,55.9,17,228,5600,male,2009,Strongly agree,Neither agree nor disagree,Agree,Neither agree nor disagree,Disagree,Agree,Neither agree nor disagree,Agree,Disagree,Strongly disagree,Strongly disagree,Agree,Always,Often,Often,Sometimes,Often,Sometimes,Sometimes,Sometimes
Gentoo,Biscoe,47.2,15.5,215,4975,female,2009,Strongly agree,Strongly agree,Strongly agree,Disagree,Agree,Neither agree nor disagree,Neither agree nor disagree,Strongly agree,Neither agree nor disagree,Strongly disagree,Disagree,Neither agree nor disagree,Sometimes,Never,Sometimes,Sometimes,Sometimes,Rarely,Never,Often
Gentoo,Biscoe,49.1,15,228,5500,male,2009,Neither agree nor disagree,Agree,Neither agree nor disagree,Strongly disagree,Strongly disagree,Disagree,Strongly disagree,Strongly agree,Agree,Neither agree nor disagree,Strongly disagree,Neither agree nor disagree,Often,Often,Sometimes,Sometimes,Sometimes,Sometimes,Sometimes,Often
Gentoo,Biscoe,47.3,13.8,216,4725,NA,2009,Strongly agree,Strongly disagree,Neither agree nor disagree,Neither agree nor disagree,Neither agree nor disagree,Agree,Strongly agree,Neither agree nor disagree,Disagree,Disagree,Neither agree nor disagree,Disagree,Rarely,Rarely,Sometimes,Sometimes,Often,Always,Often,Never
Gentoo,Biscoe,46.8,16.1,215,5500,male,2009,Strongly agree,Strongly agree,Strongly agree,Strongly disagree,Neither agree nor disagree,Disagree,Neither agree nor disagree,Neither agree nor disagree,Neither agree nor disagree,Disagree,Agree,Neither agree nor disagree,Rarely,Rarely,Rarely,Often,Sometimes,Often,Often,Sometimes
Gentoo,Biscoe,41.7,14.7,210,4700,female,2009,Agree,Neither agree nor disagree,Neither agree nor disagree,Disagree,Neither agree nor disagree,Strongly agree,Neither agree nor disagree,Disagree,Neither agree nor disagree,Disagree,Neither agree nor disagree,Strongly agree,Rarely,Rarely,Rarely,Often,Rarely,Sometimes,Sometimes,Sometimes
Gentoo,Biscoe,53.4,15.8,219,5500,male,2009,Neither agree nor disagree,Neither agree nor disagree,Neither agree nor disagree,Strongly disagree,Neither agree nor disagree,Agree,Neither agree nor disagree,Neither agree nor disagree,Neither agree nor disagree,Neither agree nor disagree,Disagree,Neither agree nor disagree,Rarely,Never,Rarely,Often,Sometimes,Sometimes,Rarely,Sometimes
Gentoo,Biscoe,43.3,14,208,4575,female,2009,Agree,Neither agree nor disagree,Strongly agree,Strongly disagree,Disagree,Agree,Neither agree nor disagree,Neither agree nor disagree,Disagree,Strongly disagree,Neither agree nor disagree,Agree,Sometimes,Never,Sometimes,Often,Sometimes,Often,Often,Sometimes
Gentoo,Biscoe,48.1,15.1,209,5500,male,2009,Agree,Strongly agree,Agree,Disagree,Neither agree nor disagree,Strongly agree,Neither agree nor disagree,Neither agree nor disagree,Strongly disagree,Strongly disagree,Disagree,Agree,Rarely,Rarely,Rarely,Sometimes,Always,Often,Sometimes,Never
Gentoo,Biscoe,50.5,15.2,216,5000,female,2009,Agree,Agree,Disagree,Neither agree nor disagree,Agree,Neither agree nor disagree,Neither agree nor disagree,Agree,Neither agree nor disagree,Strongly disagree,Neither agree nor disagree,Agree,Always,Sometimes,Sometimes,Often,Often,Sometimes,Often,Rarely
Gentoo,Biscoe,49.8,15.9,229,5950,male,2009,Agree,Neither agree nor disagree,Neither agree nor disagree,Strongly disagree,Neither agree nor disagree,Agree,Neither agree nor disagree,Agree,Disagree,Disagree,Disagree,Agree,Often,Sometimes,Rarely,Often,Rarely,Rarely,Rarely,Often
Gentoo,Biscoe,43.5,15.2,213,4650,female,2009,Strongly agree,Agree,Neither agree nor disagree,Disagree,Agree,Disagree,Strongly disagree,Agree,Disagree,Disagree,Disagree,Neither agree nor disagree,Sometimes,Rarely,Often,Often,Often,Often,Sometimes,Rarely
Gentoo,Biscoe,51.5,16.3,230,5500,male,2009,Neither agree nor disagree,Neither agree nor disagree,Disagree,Neither agree nor disagree,Strongly agree,Agree,Agree,Agree,Strongly agree,Agree,Agree,Disagree,Rarely,Never,Rarely,Often,Rarely,Sometimes,Rarely,Sometimes
Gentoo,Biscoe,46.2,14.1,217,4375,female,2009,Agree,Neither agree nor disagree,Strongly agree,Strongly disagree,Agree,Agree,Agree,Disagree,Disagree,Disagree,Disagree,Neither agree nor disagree,Sometimes,Never,Sometimes,Sometimes,Rarely,Sometimes,Often,Always
Gentoo,Biscoe,55.1,16,230,5850,male,2009,Strongly agree,Strongly agree,Strongly agree,Strongly disagree,Agree,Disagree,Strongly disagree,Agree,Neither agree nor disagree,Neither agree nor disagree,Disagree,Strongly agree,Sometimes,Often,Rarely,Rarely,Always,Often,Sometimes,Rarely
Gentoo,Biscoe,44.5,15.7,217,4875,NA,2009,Strongly agree,Strongly agree,Agree,Disagree,Agree,Strongly agree,Neither agree nor disagree,Strongly disagree,Strongly disagree,Strongly disagree,Strongly disagree,Strongly agree,Never,Never,Never,Always,Always,Always,Always,Never
Gentoo,Biscoe,48.8,16.2,222,6000,male,2009,Strongly agree,Neither agree nor disagree,Neither agree nor disagree,Disagree,Agree,Neither agree nor disagree,Disagree,Neither agree nor disagree,Neither agree nor disagree,Neither agree nor disagree,Disagree,Neither agree nor disagree,Sometimes,Never,Never,Often,Always,Always,Always,Never
Gentoo,Biscoe,47.2,13.7,214,4925,female,2009,Strongly agree,Strongly agree,Neither agree nor disagree,Strongly disagree,Agree,Neither agree nor disagree,Neither agree nor disagree,Neither agree nor disagree,Disagree,Disagree,Disagree,Agree,Often,Sometimes,Often,Sometimes,Sometimes,Never,Rarely,Always
Gentoo,Biscoe,NA,NA,NA,NA,NA,2009,Strongly agree,Neither agree nor disagree,Neither agree nor disagree,Neither agree nor disagree,Disagree,Disagree,Strongly disagree,Neither agree nor disagree,Neither agree nor disagree,Strongly agree,Neither agree nor disagree,Disagree,Sometimes,Sometimes,Sometimes,Sometimes,Sometimes,Always,Sometimes,Sometimes
Gentoo,Biscoe,46.8,14.3,215,4850,female,2009,Agree,Agree,Neither agree nor disagree,Disagree,Strongly agree,Agree,Neither agree nor disagree,Disagree,Disagree,Strongly disagree,Strongly disagree,Agree,Never,Never,Rarely,Often,Often,Always,Always,Rarely
Gentoo,Biscoe,50.4,15.7,222,5750,male,2009,Strongly agree,Strongly agree,Agree,Strongly disagree,Neither agree nor disagree,Neither agree nor disagree,Neither agree nor disagree,Strongly agree,Neither agree nor disagree,Neither agree nor disagree,Agree,Strongly agree,Rarely,Rarely,Rarely,Often,Often,Often,Sometimes,Sometimes
Gentoo,Biscoe,45.2,14.8,212,5200,female,2009,Agree,Agree,Neither agree nor disagree,Disagree,Agree,Neither agree nor disagree,Agree,Disagree,Neither agree nor disagree,Neither agree nor disagree,Neither agree nor disagree,Agree,Rarely,Never,Never,Always,Often,Sometimes,Often,Often
Gentoo,Biscoe,49.9,16.1,213,5400,male,2009,Agree,Strongly agree,Neither agree nor disagree,Strongly disagree,Agree,Disagree,Agree,Strongly disagree,Neither agree nor disagree,Disagree,Disagree,Neither agree nor disagree,Sometimes,Rarely,Rarely,Often,Always,Often,Always,Never
Chinstrap,Dream,46.5,17.9,192,3500,female,2007,Disagree,Agree,Disagree,Neither agree nor disagree,Agree,Strongly agree,Agree,Disagree,Disagree,Neither agree nor disagree,Strongly agree,Agree,Always,Sometimes,Always,Rarely,Rarely,Never,Rarely,Sometimes
Chinstrap,Dream,50,19.5,196,3900,male,2007,Disagree,Neither agree nor disagree,Disagree,Neither agree nor disagree,Agree,Agree,Neither agree nor disagree,Neither agree nor disagree,Agree,Agree,Neither agree nor disagree,Neither agree nor disagree,Sometimes,Often,Rarely,Rarely,Often,Often,Always,Rarely
Chinstrap,Dream,51.3,19.2,193,3650,male,2007,Neither agree nor disagree,Neither agree nor disagree,Disagree,Agree,Disagree,Neither agree nor disagree,Neither agree nor disagree,Agree,Strongly agree,Strongly agree,Strongly agree,Strongly disagree,Sometimes,Sometimes,Sometimes,Rarely,Often,Sometimes,Sometimes,Sometimes
Chinstrap,Dream,45.4,18.7,188,3525,female,2007,Disagree,Neither agree nor disagree,Disagree,Strongly agree,Agree,Neither agree nor disagree,Agree,Disagree,Disagree,Neither agree nor disagree,Agree,Neither agree nor disagree,Rarely,Sometimes,Sometimes,Rarely,Sometimes,Always,Rarely,Often
Chinstrap,Dream,52.7,19.8,197,3725,male,2007,Agree,Neither agree nor disagree,Strongly disagree,Neither agree nor disagree,Neither agree nor disagree,Neither agree nor disagree,Agree,Disagree,Neither agree nor disagree,Agree,Strongly agree,Disagree,Often,Often,Often,Rarely,Often,Always,Often,Sometimes
Chinstrap,Dream,45.2,17.8,198,3950,female,2007,Agree,Strongly agree,Neither agree nor disagree,Disagree,Neither agree nor disagree,Agree,Neither agree nor disagree,Strongly disagree,Neither agree nor disagree,Disagree,Neither agree nor disagree,Agree,Often,Always,Often,Never,Always,Always,Always,Never
Chinstrap,Dream,46.1,18.2,178,3250,female,2007,Disagree,Disagree,Disagree,Neither agree nor disagree,Disagree,Neither agree nor disagree,Agree,Neither agree nor disagree,Agree,Agree,Strongly agree,Disagree,Sometimes,Rarely,Sometimes,Often,Often,Often,Often,Often
Chinstrap,Dream,51.3,18.2,197,3750,male,2007,Neither agree nor disagree,Agree,Disagree,Disagree,Strongly agree,Strongly agree,Neither agree nor disagree,Neither agree nor disagree,Disagree,Disagree,Neither agree nor disagree,Agree,Often,Sometimes,Often,Sometimes,Sometimes,Always,Often,Rarely
Chinstrap,Dream,46,18.9,195,4150,female,2007,Neither agree nor disagree,Disagree,Agree,Neither agree nor disagree,Strongly agree,Strongly agree,Neither agree nor disagree,Neither agree nor disagree,Neither agree nor disagree,Neither agree nor disagree,Agree,Neither agree nor disagree,Sometimes,Rarely,Rarely,Sometimes,Often,Sometimes,Often,Sometimes
Chinstrap,Dream,51.3,19.9,198,3700,male,2007,Neither agree nor disagree,Agree,Disagree,Disagree,Neither agree nor disagree,Neither agree nor disagree,Disagree,Neither agree nor disagree,Neither agree nor disagree,Agree,Agree,Disagree,Often,Rarely,Always,Rarely,Often,Often,Sometimes,Rarely
Chinstrap,Dream,46.6,17.8,193,3800,female,2007,Disagree,Disagree,Disagree,Neither agree nor disagree,Disagree,Disagree,Disagree,Strongly agree,Agree,Agree,Strongly agree,Strongly disagree,Always,Often,Sometimes,Never,Sometimes,Rarely,Rarely,Sometimes
Chinstrap,Dream,51.7,20.3,194,3775,male,2007,Disagree,Neither agree nor disagree,Disagree,Neither agree nor disagree,Disagree,Agree,Agree,Agree,Strongly agree,Agree,Agree,Disagree,Often,Often,Often,Sometimes,Sometimes,Often,Often,Sometimes
Chinstrap,Dream,47,17.3,185,3700,female,2007,Agree,Strongly agree,Agree,Neither agree nor disagree,Agree,Neither agree nor disagree,Agree,Disagree,Agree,Strongly agree,Strongly agree,Agree,Rarely,Rarely,Sometimes,Often,Always,Always,Sometimes,Never
Chinstrap,Dream,52,18.1,201,4050,male,2007,Disagree,Neither agree nor disagree,Neither agree nor disagree,Neither agree nor disagree,Agree,Neither agree nor disagree,Neither agree nor disagree,Disagree,Agree,Agree,Neither agree nor disagree,Neither agree nor disagree,Often,Never,Rarely,Often,Always,Often,Always,Rarely
Chinstrap,Dream,45.9,17.1,190,3575,female,2007,Strongly agree,Strongly agree,Neither agree nor disagree,Disagree,Disagree,Disagree,Neither agree nor disagree,Agree,Neither agree nor disagree,Agree,Disagree,Agree,Sometimes,Often,Sometimes,Often,Sometimes,Sometimes,Rarely,Sometimes
Chinstrap,Dream,50.5,19.6,201,4050,male,2007,Neither agree nor disagree,Neither agree nor disagree,Disagree,Agree,Neither agree nor disagree,Neither agree nor disagree,Neither agree nor disagree,Disagree,Strongly agree,Agree,Agree,Strongly disagree,Rarely,Rarely,Sometimes,Often,Always,Often,Always,Sometimes
Chinstrap,Dream,50.3,20,197,3300,male,2007,Agree,Neither agree nor disagree,Neither agree nor disagree,Disagree,Disagree,Disagree,Neither agree nor disagree,Neither agree nor disagree,Agree,Strongly agree,Strongly agree,Strongly disagree,Often,Often,Always,Rarely,Rarely,Rarely,Rarely,Often
Chinstrap,Dream,58,17.8,181,3700,female,2007,Agree,Neither agree nor disagree,Agree,Disagree,Agree,Strongly agree,Neither agree nor disagree,Strongly disagree,Neither agree nor disagree,Agree,Neither agree nor disagree,Neither agree nor disagree,Often,Rarely,Often,Sometimes,Rarely,Never,Never,Always
Chinstrap,Dream,46.4,18.6,190,3450,female,2007,Strongly agree,Agree,Neither agree nor disagree,Neither agree nor disagree,Neither agree nor disagree,Agree,Neither agree nor disagree,Neither agree nor disagree,Agree,Neither agree nor disagree,Agree,Disagree,Sometimes,Never,Never,Often,Often,Often,Always,Rarely
Chinstrap,Dream,49.2,18.2,195,4400,male,2007,Agree,Neither agree nor disagree,Agree,Neither agree nor disagree,Neither agree nor disagree,Neither agree nor disagree,Neither agree nor disagree,Agree,Agree,Agree,Agree,Neither agree nor disagree,Always,Always,Always,Never,Sometimes,Sometimes,Rarely,Rarely
Chinstrap,Dream,42.4,17.3,181,3600,female,2007,Agree,Neither agree nor disagree,Strongly disagree,Neither agree nor disagree,Strongly agree,Strongly agree,Strongly agree,Disagree,Neither agree nor disagree,Agree,Neither agree nor disagree,Neither agree nor disagree,Often,Often,Often,Rarely,Sometimes,Often,Often,Rarely
Chinstrap,Dream,48.5,17.5,191,3400,male,2007,Neither agree nor disagree,Disagree,Disagree,Strongly agree,Neither agree nor disagree,Agree,Disagree,Agree,Neither agree nor disagree,Neither agree nor disagree,Neither agree nor disagree,Agree,Often,Never,Sometimes,Often,Often,Often,Often,Never
Chinstrap,Dream,43.2,16.6,187,2900,female,2007,Neither agree nor disagree,Neither agree nor disagree,Strongly disagree,Neither agree nor disagree,Agree,Agree,Agree,Strongly disagree,Agree,Agree,Agree,Disagree,Rarely,Rarely,Rarely,Sometimes,Sometimes,Always,Always,Never
Chinstrap,Dream,50.6,19.4,193,3800,male,2007,Neither agree nor disagree,Neither agree nor disagree,Neither agree nor disagree,Neither agree nor disagree,Neither agree nor disagree,Neither agree nor disagree,Neither agree nor disagree,Neither agree nor disagree,Neither agree nor disagree,Neither agree nor disagree,Disagree,Agree,Never,Sometimes,Rarely,Sometimes,Often,Always,Often,Never
Chinstrap,Dream,46.7,17.9,195,3300,female,2007,Neither agree nor disagree,Neither agree nor disagree,Disagree,Neither agree nor disagree,Disagree,Neither agree nor disagree,Neither agree nor disagree,Agree,Neither agree nor disagree,Neither agree nor disagree,Strongly agree,Disagree,Always,Always,Always,Never,Often,Often,Always,Rarely
Chinstrap,Dream,52,19,197,4150,male,2007,Agree,Neither agree nor disagree,Neither agree nor disagree,Agree,Strongly disagree,Strongly agree,Disagree,Agree,Disagree,Neither agree nor disagree,Neither agree nor disagree,Disagree,Always,Always,Always,Never,Rarely,Always,Sometimes,Sometimes
Chinstrap,Dream,50.5,18.4,200,3400,female,2008,Neither agree nor disagree,Neither agree nor disagree,Disagree,Strongly agree,Disagree,Strongly disagree,Neither agree nor disagree,Disagree,Agree,Neither agree nor disagree,Agree,Neither agree nor disagree,Often,Always,Always,Never,Always,Always,Often,Rarely
Chinstrap,Dream,49.5,19,200,3800,male,2008,Agree,Neither agree nor disagree,Neither agree nor disagree,Disagree,Disagree,Neither agree nor disagree,Neither agree nor disagree,Neither agree nor disagree,Agree,Neither agree nor disagree,Agree,Strongly disagree,Always,Always,Always,Rarely,Sometimes,Often,Often,Sometimes
Chinstrap,Dream,46.4,17.8,191,3700,female,2008,Strongly disagree,Strongly disagree,Strongly disagree,Neither agree nor disagree,Neither agree nor disagree,Neither agree nor disagree,Strongly disagree,Neither agree nor disagree,Neither agree nor disagree,Strongly disagree,Neither agree nor disagree,Agree,Always,Often,Always,Never,Rarely,Sometimes,Sometimes,Sometimes
Chinstrap,Dream,52.8,20,205,4550,male,2008,Neither agree nor disagree,Neither agree nor disagree,Disagree,Neither agree nor disagree,Agree,Agree,Agree,Neither agree nor disagree,Agree,Agree,Agree,Neither agree nor disagree,Sometimes,Sometimes,Often,Rarely,Sometimes,Rarely,Rarely,Often
Chinstrap,Dream,40.9,16.6,187,3200,female,2008,Neither agree nor disagree,Strongly disagree,Strongly disagree,Neither agree nor disagree,Agree,Strongly agree,Agree,Strongly disagree,Strongly agree,Agree,Agree,Neither agree nor disagree,Always,Rarely,Always,Sometimes,Often,Often,Often,Sometimes
Chinstrap,Dream,54.2,20.8,201,4300,male,2008,Agree,Agree,Agree,Neither agree nor disagree,Neither agree nor disagree,Agree,Neither agree nor disagree,Disagree,Strongly agree,Agree,Strongly agree,Neither agree nor disagree,Often,Sometimes,Often,Rarely,Often,Always,Often,Rarely
Chinstrap,Dream,42.5,16.7,187,3350,female,2008,Agree,Agree,Neither agree nor disagree,Disagree,Agree,Neither agree nor disagree,Agree,Disagree,Neither agree nor disagree,Neither agree nor disagree,Disagree,Agree,Sometimes,Sometimes,Sometimes,Sometimes,Sometimes,Always,Often,Never
Chinstrap,Dream,51,18.8,203,4100,male,2008,Neither agree nor disagree,Agree,Neither agree nor disagree,Disagree,Neither agree nor disagree,Disagree,Neither agree nor disagree,Agree,Strongly agree,Agree,Strongly agree,Agree,Sometimes,Often,Often,Sometimes,Always,Always,Often,Rarely
Chinstrap,Dream,49.7,18.6,195,3600,male,2008,Neither agree nor disagree,Neither agree nor disagree,Disagree,Agree,Strongly agree,Agree,Disagree,Strongly disagree,Agree,Agree,Neither agree nor disagree,Disagree,Often,Sometimes,Always,Never,Often,Often,Often,Rarely
Chinstrap,Dream,47.5,16.8,199,3900,female,2008,Neither agree nor disagree,Neither agree nor disagree,Disagree,Neither agree nor disagree,Strongly agree,Strongly agree,Neither agree nor disagree,Neither agree nor disagree,Strongly agree,Strongly agree,Agree,Strongly disagree,Often,Sometimes,Often,Rarely,Sometimes,Often,Sometimes,Rarely
Chinstrap,Dream,47.6,18.3,195,6000,female,2008,Agree,Strongly agree,Agree,Strongly disagree,Neither agree nor disagree,Disagree,Neither agree nor disagree,Neither agree nor disagree,Neither agree nor disagree,Strongly agree,Strongly agree,Strongly disagree,Sometimes,Often,Often,Rarely,Always,Often,Sometimes,Sometimes
Chinstrap,Dream,52,20.7,210,4800,male,2008,Strongly agree,Strongly agree,Agree,Disagree,Strongly agree,Strongly agree,Agree,Disagree,Agree,Agree,Agree,Disagree,Rarely,Often,Often,Rarely,Often,Often,Sometimes,Rarely
Chinstrap,Dream,46.9,16.6,192,2700,female,2008,Strongly disagree,Strongly disagree,Strongly disagree,Agree,Strongly agree,Agree,Agree,Disagree,Strongly agree,Agree,Strongly agree,Strongly disagree,Always,Often,Often,Rarely,Always,Often,Always,Rarely
Chinstrap,Dream,53.5,19.9,205,4500,male,2008,Strongly disagree,Strongly disagree,Strongly disagree,Strongly agree,Disagree,Disagree,Disagree,Agree,Neither agree nor disagree,Agree,Neither agree nor disagree,Neither agree nor disagree,Often,Often,Always,Never,Sometimes,Sometimes,Often,Sometimes
Chinstrap,Dream,49,19.5,210,3950,male,2008,Neither agree nor disagree,Strongly disagree,Disagree,Strongly agree,Agree,Neither agree nor disagree,Disagree,Agree,Agree,Strongly agree,Agree,Disagree,Sometimes,Rarely,Sometimes,Sometimes,Rarely,Rarely,Sometimes,Sometimes
Chinstrap,Dream,46.2,17.5,187,3650,female,2008,Disagree,Neither agree nor disagree,Strongly disagree,Agree,Neither agree nor disagree,Neither agree nor disagree,Agree,Neither agree nor disagree,Neither agree nor disagree,Neither agree nor disagree,Neither agree nor disagree,Disagree,Rarely,Rarely,Sometimes,Often,Rarely,Sometimes,Rarely,Sometimes
Chinstrap,Dream,50.9,19.1,196,3550,male,2008,Agree,Agree,Agree,Neither agree nor disagree,Agree,Neither agree nor disagree,Neither agree nor disagree,Disagree,Agree,Agree,Agree,Strongly disagree,Always,Often,Often,Never,Sometimes,Rarely,Rarely,Often
Chinstrap,Dream,45.5,17,196,3500,female,2008,Agree,Disagree,Neither agree nor disagree,Neither agree nor disagree,Neither agree nor disagree,Agree,Disagree,Neither agree nor disagree,Neither agree nor disagree,Agree,Agree,Disagree,Often,Sometimes,Often,Rarely,Often,Often,Sometimes,Sometimes
Chinstrap,Dream,50.9,17.9,196,3675,female,2009,Agree,Agree,Agree,Strongly disagree,Neither agree nor disagree,Agree,Disagree,Agree,Neither agree nor disagree,Neither agree nor disagree,Strongly agree,Neither agree nor disagree,Sometimes,Sometimes,Often,Never,Often,Often,Sometimes,Sometimes
Chinstrap,Dream,50.8,18.5,201,4450,male,2009,Neither agree nor disagree,Neither agree nor disagree,Disagree,Neither agree nor disagree,Agree,Agree,Agree,Strongly disagree,Strongly agree,Agree,Agree,Disagree,Always,Always,Always,Never,Often,Often,Often,Never
Chinstrap,Dream,50.1,17.9,190,3400,female,2009,Neither agree nor disagree,Neither agree nor disagree,Disagree,Agree,Neither agree nor disagree,Strongly agree,Agree,Disagree,Agree,Neither agree nor disagree,Strongly agree,Disagree,Rarely,Rarely,Rarely,Sometimes,Sometimes,Often,Often,Often
Chinstrap,Dream,49,19.6,212,4300,male,2009,Agree,Agree,Neither agree nor disagree,Strongly disagree,Agree,Neither agree nor disagree,Neither agree nor disagree,Neither agree nor disagree,Strongly agree,Neither agree nor disagree,Strongly agree,Disagree,Rarely,Sometimes,Rarely,Sometimes,Sometimes,Often,Often,Sometimes
Chinstrap,Dream,51.5,18.7,187,3250,male,2009,Agree,Neither agree nor disagree,Neither agree nor disagree,Disagree,Neither agree nor disagree,Neither agree nor disagree,Neither agree nor disagree,Neither agree nor disagree,Disagree,Neither agree nor disagree,Agree,Neither agree nor disagree,Often,Sometimes,Sometimes,Rarely,Rarely,Often,Sometimes,Sometimes
Chinstrap,Dream,49.8,17.3,198,3675,female,2009,Neither agree nor disagree,Neither agree nor disagree,Neither agree nor disagree,Disagree,Neither agree nor disagree,Agree,Strongly disagree,Agree,Neither agree nor disagree,Neither agree nor disagree,Neither agree nor disagree,Disagree,Always,Sometimes,Often,Rarely,Sometimes,Rarely,Rarely,Often
Chinstrap,Dream,48.1,16.4,199,3325,female,2009,Agree,Strongly agree,Neither agree nor disagree,Disagree,Strongly disagree,Strongly disagree,Strongly disagree,Agree,Agree,Neither agree nor disagree,Agree,Neither agree nor disagree,Rarely,Sometimes,Rarely,Sometimes,Often,Often,Often,Rarely
Chinstrap,Dream,51.4,19,201,3950,male,2009,Disagree,Disagree,Disagree,Disagree,Disagree,Agree,Disagree,Neither agree nor disagree,Neither agree nor disagree,Neither agree nor disagree,Neither agree nor disagree,Strongly agree,Always,Always,Always,Never,Sometimes,Sometimes,Sometimes,Often
Chinstrap,Dream,45.7,17.3,193,3600,female,2009,Disagree,Disagree,Neither agree nor disagree,Neither agree nor disagree,Neither agree nor disagree,Disagree,Agree,Neither agree nor disagree,Agree,Neither agree nor disagree,Strongly agree,Neither agree nor disagree,Often,Often,Often,Sometimes,Often,Rarely,Rarely,Rarely
Chinstrap,Dream,50.7,19.7,203,4050,male,2009,Strongly agree,Neither agree nor disagree,Agree,Neither agree nor disagree,Disagree,Disagree,Agree,Neither agree nor disagree,Strongly agree,Agree,Strongly agree,Disagree,Rarely,Rarely,Sometimes,Sometimes,Always,Always,Always,Never
Chinstrap,Dream,42.5,17.3,187,3350,female,2009,Disagree,Strongly disagree,Strongly disagree,Strongly agree,Agree,Strongly disagree,Neither agree nor disagree,Neither agree nor disagree,Neither agree nor disagree,Disagree,Disagree,Agree,Sometimes,Often,Rarely,Rarely,Always,Often,Sometimes,Sometimes
Chinstrap,Dream,52.2,18.8,197,3450,male,2009,Neither agree nor disagree,Disagree,Strongly disagree,Disagree,Neither agree nor disagree,Agree,Agree,Strongly disagree,Disagree,Neither agree nor disagree,Disagree,Agree,Often,Rarely,Often,Sometimes,Sometimes,Rarely,Rarely,Sometimes
Chinstrap,Dream,45.2,16.6,191,3250,female,2009,Neither agree nor disagree,Strongly disagree,Strongly disagree,Neither agree nor disagree,Strongly disagree,Disagree,Neither agree nor disagree,Agree,Agree,Agree,Neither agree nor disagree,Neither agree nor disagree,Often,Sometimes,Often,Never,Often,Sometimes,Sometimes,Rarely
Chinstrap,Dream,49.3,19.9,203,4050,male,2009,Disagree,Neither agree nor disagree,Disagree,Strongly agree,Agree,Strongly agree,Agree,Disagree,Agree,Agree,Disagree,Neither agree nor disagree,Often,Sometimes,Rarely,Often,Often,Always,Always,Often
Chinstrap,Dream,50.2,18.8,202,3800,male,2009,Disagree,Neither agree nor disagree,Disagree,Strongly agree,Neither agree nor disagree,Neither agree nor disagree,Disagree,Agree,Strongly disagree,Strongly disagree,Disagree,Neither agree nor disagree,Often,Often,Often,Rarely,Always,Often,Often,Rarely
Chinstrap,Dream,45.6,19.4,194,3525,female,2009,Neither agree nor disagree,Disagree,Neither agree nor disagree,Disagree,Disagree,Neither agree nor disagree,Agree,Disagree,Agree,Agree,Strongly agree,Disagree,Rarely,Sometimes,Sometimes,Sometimes,Often,Always,Rarely,Often
Chinstrap,Dream,51.9,19.5,206,3950,male,2009,Neither agree nor disagree,Neither agree nor disagree,Disagree,Neither agree nor disagree,Strongly agree,Strongly agree,Agree,Strongly disagree,Neither agree nor disagree,Strongly agree,Neither agree nor disagree,Disagree,Often,Often,Often,Never,Sometimes,Sometimes,Rarely,Often
Chinstrap,Dream,46.8,16.5,189,3650,female,2009,Strongly disagree,Disagree,Strongly disagree,Neither agree nor disagree,Neither agree nor disagree,Strongly disagree,Agree,Agree,Agree,Neither agree nor disagree,Strongly agree,Disagree,Always,Often,Sometimes,Rarely,Often,Rarely,Often,Never
Chinstrap,Dream,45.7,17,195,3650,female,2009,Disagree,Neither agree nor disagree,Disagree,Strongly disagree,Disagree,Disagree,Neither agree nor disagree,Neither agree nor disagree,Strongly agree,Disagree,Agree,Disagree,Always,Always,Always,Never,Always,Often,Often,Never
Chinstrap,Dream,55.8,19.8,207,4000,male,2009,Disagree,Agree,Agree,Neither agree nor disagree,Neither agree nor disagree,Agree,Neither agree nor disagree,Neither agree nor disagree,Neither agree nor disagree,Agree,Strongly agree,Disagree,Sometimes,Sometimes,Often,Rarely,Rarely,Always,Often,Rarely
Chinstrap,Dream,43.5,18.1,202,3400,female,2009,Neither agree nor disagree,Disagree,Neither agree nor disagree,Disagree,Agree,Agree,Neither agree nor disagree,Neither agree nor disagree,Neither agree nor disagree,Disagree,Strongly disagree,Agree,Often,Always,Sometimes,Rarely,Often,Often,Often,Sometimes
Chinstrap,Dream,49.6,18.2,193,3775,male,2009,Neither agree nor disagree,Neither agree nor disagree,Neither agree nor disagree,Neither agree nor disagree,Agree,Agree,Agree,Disagree,Neither agree nor disagree,Strongly agree,Strongly agree,Strongly disagree,Rarely,Never,Sometimes,Often,Often,Often,Sometimes,Often
Chinstrap,Dream,50.8,19,210,4100,male,2009,Neither agree nor disagree,Agree,Disagree,Neither agree nor disagree,Neither agree nor disagree,Disagree,Disagree,Neither agree nor disagree,Neither agree nor disagree,Neither agree nor disagree,Neither agree nor disagree,Neither agree nor disagree,Often,Sometimes,Often,Rarely,Often,Always,Sometimes,Rarely
Chinstrap,Dream,50.2,18.7,198,3775,female,2009,Neither agree nor disagree,Strongly disagree,Disagree,Neither agree nor disagree,Disagree,Disagree,Disagree,Agree,Agree,Disagree,Agree,Disagree,Sometimes,Often,Often,Sometimes,Often,Always,Always,Never
